Symbol,Security,GICS Sector,GICS Sub-Industry,Symbol_YF,Exchange,Daily_Change,Security_JA,Monex,Rakuten,SBI,MUFG,Matsui,DMM,PayPay
A,Agilent Technologies,Health Care,Life Sciences Tools & Services,A,NYSE,0.008206740003492209,アジレント･テクノロジーズ,true,true,true,true,true,true,false
AAPL,Apple Inc.,Information Technology,"Technology Hardware, Storage & Peripherals",AAPL,NASDAQ,0.0011344521378554631,アップル,true,true,true,true,true,true,true
ABBV,AbbVie,Health Care,Biotechnology,ABBV,NYSE,-0.02856079635314907,アッヴィ,true,true,true,true,true,true,true
ABNB,Airbnb,Consumer Discretionary,"Hotels, Resorts & Cruise Lines",ABNB,NASDAQ,-0.001917086029235521,エアビーアンドビー,true,true,true,true,true,true,true
ABT,Abbott Laboratories,Health Care,Health Care Equipment,ABT,NYSE,0.0047860910334050506,アボット･ラボラトリーズ,true,true,true,true,true,true,true
ACGL,Arch Capital Group,Financials,Property & Casualty Insurance,ACGL,NASDAQ,0.013090375955597446,アーチ・キャピタル・グループ,true,true,true,true,true,true,false
ACN,Accenture,Information Technology,IT Consulting & Other Services,ACN,NYSE,0.021668527352075563,アクセンチュア　クラスA,true,true,true,true,true,true,true
ADBE,Adobe Inc.,Information Technology,Application Software,ADBE,NASDAQ,0.006421676264655851,アドビ,true,true,true,true,true,true,true
ADI,Analog Devices,Information Technology,Semiconductors,ADI,NASDAQ,-0.006987335454488768,アナログ・デバイシズ,true,true,true,true,true,true,true
ADM,Archer Daniels Midland,Consumer Staples,Agricultural Products & Services,ADM,NYSE,0.02017410529224808,アーチャーダニエルズ・ミッドランド,true,true,true,true,true,true,false
ADP,Automatic Data Processing,Industrials,Human Resource & Employment Services,ADP,NASDAQ,0.013563195548489615,オートマチック・データ・プロセシング,true,true,true,true,true,true,true
ADSK,Autodesk,Information Technology,Application Software,ADSK,NASDAQ,0.0008828351620633454,オートデスク,true,true,true,true,true,true,true
AEE,Ameren,Utilities,Multi-Utilities,AEE,NYSE,0.00803321599422331,アメレン・コーポレーション,true,true,true,true,true,true,false
AEP,American Electric Power,Utilities,Electric Utilities,AEP,NASDAQ,0.007670691881218344,アメリカン・エレクトリック・パワー,true,true,true,true,true,true,false
AES,AES Corporation,Utilities,Independent Power Producers & Energy Traders,AES,NYSE,0.007042253521126861,エーイーエス,true,true,true,true,true,true,false
AFL,Aflac,Financials,Life & Health Insurance,AFL,NYSE,0.007661437431594339,アフラック,true,true,true,true,true,true,false
AIG,American International Group,Financials,Multi-line Insurance,AIG,NYSE,-0.0018528321863419874,エーアイジー,true,true,true,true,true,true,false
AIZ,Assurant,Financials,Multi-line Insurance,AIZ,NYSE,0.008921555031664486,アシュラント,true,true,true,true,true,true,false
AJG,Arthur J. Gallagher & Co.,Financials,Insurance Brokers,AJG,NYSE,0.005870389202181798,アーサー・ジェイ・ギャラガー,true,true,true,true,true,true,true
AKAM,Akamai Technologies,Information Technology,Internet Services & Infrastructure,AKAM,NASDAQ,0.019438444924406047,アカマイ・テクノロジーズ,true,true,true,true,true,true,false
ALB,Albemarle Corporation,Materials,Specialty Chemicals,ALB,NYSE,-0.002129209390934025,アルビマール,true,true,true,true,true,true,false
ALGN,Align Technology,Health Care,Health Care Supplies,ALGN,NASDAQ,-0.012331384241301428,アライン・テクノロジー,true,true,true,true,true,true,false
ALL,Allstate,Financials,Property & Casualty Insurance,ALL,NYSE,0.014355707986281269,オールステート,true,true,true,true,true,true,false
ALLE,Allegion,Industrials,Building Products,ALLE,NYSE,-0.021503884572696964,アレジオン,true,true,true,true,true,true,false
AMAT,Applied Materials,Information Technology,Semiconductor Materials & Equipment,AMAT,NASDAQ,-0.015065008479366829,アプライド・マテリアルズ,true,true,true,true,true,true,true
AMCR,Amcor,Materials,Paper & Plastic Packaging Products & Materials,AMCR,NYSE,-0.018918918918918993,アムコー,true,true,true,true,true,true,false
AMD,Advanced Micro Devices,Information Technology,Semiconductors,AMD,NASDAQ,0.034679606108177496,アドバンスト・マイクロ・デバイシズ,true,true,true,true,true,true,true
AME,Ametek,Industrials,Electrical Components & Equipment,AME,NYSE,-0.0015551388190093007,アメテック,true,true,true,true,true,true,false
AMGN,Amgen,Health Care,Biotechnology,AMGN,NASDAQ,-0.015115489130434713,アムジェン,true,true,true,true,true,true,true
AMP,Ameriprise Financial,Financials,Asset Management & Custody Banks,AMP,NYSE,-0.006251860672819333,アメリプライズ・フィナンシャル,true,true,true,true,true,true,false
AMT,American Tower,Real Estate,Telecom Tower REITs,AMT,NYSE,0.015846099871359955,,false,false,false,false,false,false,false
AMZN,Amazon,Consumer Discretionary,Broadline Retail,AMZN,NASDAQ,-0.003799211663579726,アマゾン･ドットコム,true,true,true,true,true,true,true
ANET,Arista Networks,Information Technology,Communications Equipment,ANET,NYSE,0.014657589106928414,アリスタネットワークス,true,true,true,true,true,true,true
AON,Aon plc,Financials,Insurance Brokers,AON,NYSE,0.005601543536441189,エーオン,true,true,true,true,true,true,true
AOS,A. O. Smith,Industrials,Building Products,AOS,NYSE,-0.011216963736939213,エー・オー・スミス,true,true,true,true,true,true,false
APA,APA Corporation,Energy,Oil & Gas Exploration & Production,APA,NASDAQ,0.016686819830713365,アパッチ,true,true,true,true,true,true,false
APD,Air Products,Materials,Industrial Gases,APD,NYSE,0.014234875444839873,エアー・プロダクツ・アンド・ケミカルズ,true,true,true,true,true,true,true
APH,Amphenol,Information Technology,Electronic Components,APH,NYSE,0.002349256068911489,アンフェノール クラスA,true,true,true,true,true,true,true
APO,Apollo Global Management,Financials,Asset Management & Custody Banks,APO,NYSE,-0.029115646258503346,アポロ・グローバル・マネジメント,true,false,true,false,true,false,false
APP,AppLovin,Information Technology,Application Software,APP,NASDAQ,-0.0037902227722771517,アップラビン,true,true,true,true,true,true,true
APTV,Aptiv,Consumer Discretionary,Automotive Parts & Equipment,APTV,NYSE,-0.017716218392655844,アプティブ・ホールディングス,true,true,true,true,true,true,false
ARE,Alexandria Real Estate Equities,Real Estate,Office REITs,ARE,NYSE,-0.0013860013860014385,,false,false,false,false,false,false,false
ARES,Ares Management,Financials,Asset Management & Custody Banks,ARES,NYSE,-0.031852551984877034,アレス・マネジメント　クラスA,true,true,true,true,true,true,false
ATO,Atmos Energy,Utilities,Gas Utilities,ATO,NYSE,0.018761119197800366,アトモス・エナジー,true,true,true,true,true,true,false
AVB,AvalonBay Communities,Real Estate,Multi-Family Residential REITs,AVB,NYSE,0.006791995148574921,,false,false,false,false,false,false,false
AVGO,Broadcom,Information Technology,Semiconductors,AVGO,NASDAQ,0.00338128807936458,ブロードコム,true,true,true,true,true,true,true
AVY,Avery Dennison,Materials,Paper & Plastic Packaging Products & Materials,AVY,NYSE,-0.009416522241478887,エイブリー・デニソン,true,true,true,true,true,true,false
AWK,American Water Works,Utilities,Water Utilities,AWK,NYSE,0.009869142481175484,アメリカン・ウォーター・ワークス,true,true,true,true,true,true,false
AXON,Axon Enterprise,Industrials,Aerospace & Defense,AXON,NASDAQ,-0.02540312108978443,アクソン・エンタープライズ,true,true,true,true,true,true,true
AXP,American Express,Financials,Consumer Finance,AXP,NYSE,-0.0010648918469217743,アメリカン・エキスプレス,true,true,true,true,true,true,true
AZO,AutoZone,Consumer Discretionary,Automotive Retail,AZO,NYSE,-0.007567554947219686,オートゾーン,true,true,true,true,true,true,true
BA,Boeing,Industrials,Aerospace & Defense,BA,NYSE,0.00434111518425625,ボーイング,true,true,true,true,true,true,true
BAC,Bank of America,Financials,Diversified Banks,BAC,NYSE,0.0022325959001420624,バンク・オブ・アメリカ,true,true,true,true,true,true,true
BALL,Ball Corporation,Materials,"Metal, Glass & Plastic Containers",BALL,NYSE,-0.006625807520291512,ボール,true,true,true,true,true,true,false
BAX,Baxter International,Health Care,Health Care Equipment,BAX,NYSE,-0.0059594755661502635,バクスター・インターナショナル,true,true,true,true,true,true,false
BBY,Best Buy,Consumer Discretionary,Computer & Electronics Retail,BBY,NYSE,0.0029544394339915676,ベスト・バイ,true,true,true,true,true,true,false
BDX,Becton Dickinson,Health Care,Health Care Equipment,BDX,NYSE,-0.011705257771523682,ベクトン・ディッキンソン,true,true,true,true,true,true,true
BEN,Franklin Resources,Financials,Asset Management & Custody Banks,BEN,NYSE,-0.008054260279779622,フランクリン・リソーシズ,true,true,true,true,true,true,false
BF.B,Brown–Forman,Consumer Staples,Distillers & Vintners,BF-B,NYSE,0.009053187476423932,ブラウン・フォーマン クラスB,true,true,false,false,true,false,false
BG,Bunge Global,Consumer Staples,Agricultural Products & Services,BG,NYSE,0.00857231920199497,ブンゲ・グローバル,true,true,true,true,true,true,false
BIIB,Biogen,Health Care,Biotechnology,BIIB,NASDAQ,-0.035041897921427784,バイオジェン,true,true,true,true,true,true,false
BK,BNY Mellon,Financials,Asset Management & Custody Banks,BK,NYSE,0.009589154335785704,バンク・オブ・ニューヨーク・メロン,true,true,true,true,true,true,false
BKNG,Booking Holdings,Consumer Discretionary,"Hotels, Resorts & Cruise Lines",BKNG,NASDAQ,0.002329994073450972,ブッキング・ ホールディングス,true,true,true,true,true,true,true
BKR,Baker Hughes,Energy,Oil & Gas Equipment & Services,BKR,NASDAQ,0.0006629101756711824,ベーカー・ヒューズ,true,true,true,true,true,true,false
BLDR,Builders FirstSource,Industrials,Building Products,BLDR,NYSE,-0.022847968383351788,ビルダーズ・ファーストソース,true,true,true,true,true,true,false
BLK,BlackRock,Financials,Asset Management & Custody Banks,BLK,NYSE,0.00956757885941087,ブラックロック・ファンディング,true,true,true,true,true,true,true
BMY,Bristol Myers Squibb,Health Care,Pharmaceuticals,BMY,NYSE,-0.024549918166939442,ブリストル・マイヤーズ,true,true,true,true,true,true,true
BR,Broadridge Financial Solutions,Industrials,Data Processing & Outsourced Services,BR,NYSE,0.005938242280285143,ブロードリッジ・フィナンシャル・ソリューションズ,true,true,true,true,true,true,false
BRK.B,Berkshire Hathaway,Financials,Multi-Sector Holdings,BRK-B,NYSE,-0.00240334378265408,バークシャー・ハサウェイ　クラスB,true,true,false,false,true,true,false
BRO,Brown & Brown,Financials,Insurance Brokers,BRO,NYSE,0.024068322981366415,ブラウン・アンド・ブラウン,true,true,true,true,true,true,false
BSX,Boston Scientific,Health Care,Health Care Equipment,BSX,NYSE,0.013225806451612908,ボストン・サイエンティフィック,true,true,true,true,true,true,true
BX,Blackstone Inc.,Financials,Asset Management & Custody Banks,BX,NYSE,-0.011195661681098585,ブラックストーン,true,true,true,true,true,true,true
BXP,"BXP, Inc.",Real Estate,Office REITs,BXP,NYSE,0.014896119168953312,,false,false,false,false,false,false,false
C,Citigroup,Financials,Diversified Banks,C,NYSE,-0.00043365134431914276,シティグループ,true,true,true,true,true,true,true
CAG,Conagra Brands,Consumer Staples,Packaged Foods & Meats,CAG,NYSE,0.012886597938144399,コナグラ・ブランズ,true,true,true,true,true,true,false
CAH,Cardinal Health,Health Care,Health Care Distributors,CAH,NYSE,0.009574568436939917,カーディナル・ヘルス,true,true,true,true,true,true,false
CARR,Carrier Global,Industrials,Building Products,CARR,NYSE,-0.02091388400702984,キャリア・グローバル,true,true,true,true,true,true,false
CAT,Caterpillar Inc.,Industrials,Construction Machinery & Heavy Transportation Equipment,CAT,NYSE,-0.017937342534779306,キャタピラー,true,true,true,true,true,true,true
CB,Chubb Limited,Financials,Property & Casualty Insurance,CB,NYSE,0.00357623181317997,チャブ,true,true,true,true,true,true,true
CBOE,Cboe Global Markets,Financials,Financial Exchanges & Data,CBOE,BTS,0.0344643048271432,シービーオーイー・マーケッツ,true,true,true,false,true,false,false
CBRE,CBRE Group,Real Estate,Real Estate Services,CBRE,NYSE,0.015688898802884862,CBREグループ,true,true,true,true,true,true,false
CCI,Crown Castle,Real Estate,Telecom Tower REITs,CCI,NYSE,0.04886799455647659,,false,false,false,false,false,false,false
CCL,Carnival,Consumer Discretionary,"Hotels, Resorts & Cruise Lines",CCL,NYSE,-0.03536493604213686,カーニバル,true,true,true,true,true,true,true
CDNS,Cadence Design Systems,Information Technology,Application Software,CDNS,NASDAQ,-0.005246439915771335,ケイデンス・デザイン・システムズ,true,true,true,true,true,true,true
CDW,CDW Corporation,Information Technology,Technology Distributors,CDW,NASDAQ,0.005024711696869847,CDWコープ,true,true,true,true,true,true,false
CEG,Constellation Energy,Utilities,Electric Utilities,CEG,NASDAQ,-0.023760108781220878,コンステレーション・エナジー,true,true,true,true,true,true,true
CF,CF Industries,Materials,Fertilizers & Agricultural Chemicals,CF,NYSE,0.015549304578840403,シーエフ・インダストリーズ・ホールディングス,true,true,true,true,true,true,false
CFG,Citizens Financial Group,Financials,Regional Banks,CFG,NYSE,0.006934125804853916,シチズンズ・フィナンシャル・グループ,true,true,true,true,true,true,false
CHD,Church & Dwight,Consumer Staples,Household Products,CHD,NYSE,0.0,チャーチ・アンド・ドワイト,true,true,true,true,true,true,false
CHRW,C.H. Robinson,Industrials,Air Freight & Logistics,CHRW,NASDAQ,-0.003916913946587517,シー・エイチ・ロビンソン・ワールドワイド,true,true,true,true,true,true,false
CHTR,Charter Communications,Communication Services,Cable & Satellite,CHTR,NASDAQ,0.016275951357099836,チャーター・コミュニケーションズ クラスA,true,true,true,true,true,true,true
CI,Cigna,Health Care,Health Care Services,CI,NYSE,0.010100254376776854,ザ・シグナ・グループ,true,true,true,true,true,true,true
CIEN,Ciena,Information Technology,Communications Equipment,CIEN,NYSE,0.07792676761597536,シエナ,true,true,true,true,true,true,false
CINF,Cincinnati Financial,Financials,Property & Casualty Insurance,CINF,NASDAQ,0.004757072180641888,シンシナティ・フィナンシャル,true,true,true,true,true,true,false
CL,Colgate-Palmolive,Consumer Staples,Household Products,CL,NYSE,-0.0031612223393044847,コルゲート・パルモリーブ,true,true,true,true,true,true,true
CLX,Clorox,Consumer Staples,Household Products,CLX,NYSE,-0.02973906369915574,クロロックス・カンパニー,true,true,true,true,true,true,false
CMCSA,Comcast,Communication Services,Cable & Satellite,CMCSA,NASDAQ,-0.004278074866310196,コムキャスト クラスA,true,true,true,true,true,true,true
CME,CME Group,Financials,Financial Exchanges & Data,CME,NASDAQ,0.02751397588738471,シーエムイー・グループ,true,true,true,true,true,true,true
CMG,Chipotle Mexican Grill,Consumer Discretionary,Restaurants,CMG,NYSE,0.016242721422004107,チポトレ・メキシカン・グリル,true,true,true,true,true,true,true
CMI,Cummins,Industrials,Construction Machinery & Heavy Transportation Equipment,CMI,NYSE,-0.0007453325819412857,カミンズ,true,true,true,true,true,true,false
CMS,CMS Energy,Utilities,Multi-Utilities,CMS,NYSE,0.008470225872689894,シーエムエス・エナジー,true,true,true,true,true,true,false
CNC,Centene Corporation,Health Care,Managed Health Care,CNC,NYSE,0.034167893961708294,センティーン,true,true,true,true,true,true,false
CNP,CenterPoint Energy,Utilities,Multi-Utilities,CNP,NYSE,0.010635838150289036,センターポイント・エナジー,true,true,true,true,true,true,false
COF,Capital One,Financials,Consumer Finance,COF,NYSE,-0.013983739837398442,キャピタル・ワン・フィナンシャル,true,true,true,true,true,true,true
COHR,Coherent Corp.,Information Technology,Electronic Components,COHR,NYSE,0.04180790960451983,コヒレント,true,true,true,true,true,true,false
COIN,Coinbase,Financials,Financial Exchanges & Data,COIN,NASDAQ,-0.008844441875252912,コインベース・グローバル,true,true,true,true,true,true,true
COO,Cooper Companies (The),Health Care,Health Care Supplies,COO,NASDAQ,-0.01763964720705593,クーパー,true,true,true,true,true,true,false
COP,ConocoPhillips,Energy,Oil & Gas Exploration & Production,COP,NYSE,0.016669263125097485,コノコ・フィリップス,true,true,true,true,true,true,true
COR,Cencora,Health Care,Health Care Distributors,COR,NYSE,0.022476862053768136,センコア,true,true,true,true,true,true,false
COST,Costco,Consumer Staples,Consumer Staples Merchandise Retail,COST,NASDAQ,0.018463514489845158,コストコ・ホールセール,true,true,true,true,true,true,true
CPAY,Corpay,Financials,Transaction & Payment Processing Services,CPAY,NYSE,0.012984322121693457,コーペイ,true,true,true,true,true,true,false
CPB,Campbell's Company (The),Consumer Staples,Packaged Foods & Meats,CPB,NASDAQ,0.0009095043201456629,ザ・キャンベルズ,true,true,true,true,true,true,true
CPRT,Copart,Industrials,Diversified Support Services,CPRT,NASDAQ,0.011508176862507432,コパート,true,true,true,true,true,true,false
CPT,Camden Property Trust,Real Estate,Multi-Family Residential REITs,CPT,NYSE,0.025338353515823843,,false,false,false,false,false,false,false
CRH,CRH plc,Materials,Construction Materials,CRH,NYSE,-0.01478342749529197,CRH,true,true,true,true,true,false,false
CRL,Charles River Laboratories,Health Care,Life Sciences Tools & Services,CRL,NYSE,-0.005774728416237961,チャールス・リバー・ラボラトリーズ,true,true,true,true,true,true,false
CRM,Salesforce,Information Technology,Application Software,CRM,NYSE,0.0050472508591065165,セールスフォース,true,true,true,true,true,true,true
CRWD,CrowdStrike,Information Technology,Systems Software,CRWD,NASDAQ,0.014772062749485145,クラウドストライク・ホールディングス　クラスA,true,true,true,true,true,true,true
CSCO,Cisco,Information Technology,Communications Equipment,CSCO,NASDAQ,0.019481357244226432,シスコシステムズ,true,true,true,true,true,true,true
CSGP,CoStar Group,Real Estate,Real Estate Services,CSGP,NASDAQ,0.008074690890739346,コスター・グループ,true,true,true,true,true,true,true
CSX,CSX Corporation,Industrials,Rail Transportation,CSX,NASDAQ,-0.005308880308880282,シーエスエックス,true,true,true,true,true,true,true
CTAS,Cintas,Industrials,Diversified Support Services,CTAS,NASDAQ,0.013368983957219319,シンタス,true,true,true,true,true,true,false
CTRA,Coterra,Energy,Oil & Gas Exploration & Production,CTRA,NYSE,0.018867924528301903,コテラ・エナジー・インク,true,true,true,true,true,true,false
CTSH,Cognizant,Information Technology,IT Consulting & Other Services,CTSH,NASDAQ,0.021061224489795905,コグニザント・テクノロジー・ソリューションズ クラスA,true,true,true,true,true,true,false
CTVA,Corteva,Materials,Fertilizers & Agricultural Chemicals,CTVA,NYSE,0.01968738813984001,コルテバ,true,true,true,true,true,true,false
CVNA,Carvana,Consumer Discretionary,Automotive Retail,CVNA,NYSE,0.005831651126277837,カーヴァナ,true,true,true,true,true,true,false
CVS,CVS Health,Health Care,Health Care Services,CVS,NYSE,0.013795006207752794,シーブイエス・ヘルス,true,true,true,true,true,true,true
CVX,Chevron Corporation,Energy,Integrated Oil & Gas,CVX,NYSE,0.007902335241375829,シェブロン,true,true,true,true,true,true,true
D,Dominion Energy,Utilities,Multi-Utilities,D,NYSE,0.011603545527800258,ドミニオン・エナジー,true,true,true,true,true,true,false
DAL,Delta Air Lines,Industrials,Passenger Airlines,DAL,NYSE,-0.012426035502958422,デルタ航空,true,true,true,true,true,true,true
DASH,DoorDash,Consumer Discretionary,Specialized Consumer Services,DASH,NASDAQ,0.039534883720930156,ドアダッシュ,true,true,true,true,true,true,true
DD,DuPont,Materials,Specialty Chemicals,DD,NYSE,-0.015797446440164554,デュポン・ド・ヌムール,true,true,true,true,true,true,false
DDOG,Datadog,Information Technology,Application Software,DDOG,NASDAQ,0.014241173000758386,データドッグ　クラスA,true,true,true,true,true,true,true
DE,Deere & Company,Industrials,Agricultural & Farm Machinery,DE,NYSE,0.00877869283336252,ディア,true,true,true,true,true,true,true
DECK,Deckers Brands,Consumer Discretionary,Footwear,DECK,NYSE,-0.02576553364384099,デッカーズ・アウトドア,true,true,true,true,true,true,false
DELL,Dell Technologies,Information Technology,"Technology Hardware, Storage & Peripherals",DELL,NYSE,0.029460384933286156,デル・テクノロジーズ,true,true,true,true,true,true,true
DG,Dollar General,Consumer Staples,Consumer Staples Merchandise Retail,DG,NYSE,0.021933942135358823,ダラー・ゼネラル,true,true,true,true,true,true,true
DGX,Quest Diagnostics,Health Care,Health Care Services,DGX,NYSE,0.0016692801861500962,クエスト・ダイアグノスティクス,true,true,true,true,true,true,false
DHI,D. R. Horton,Consumer Discretionary,Homebuilding,DHI,NYSE,0.01041591320072331,ディーアール・ホートン,true,true,true,true,true,true,true
DHR,Danaher Corporation,Health Care,Life Sciences Tools & Services,DHR,NYSE,0.0017296504009644768,ダナハー,true,true,true,true,true,true,true
DIS,Walt Disney Company (The),Communication Services,Movies & Entertainment,DIS,NYSE,0.00051781275890635,ウォルト・ディズニー,true,true,true,true,true,true,true
DLR,Digital Realty,Real Estate,Data Center REITs,DLR,NYSE,0.00687170961485181,,false,false,false,false,false,false,false
DLTR,Dollar Tree,Consumer Staples,Consumer Staples Merchandise Retail,DLTR,NASDAQ,-0.002391904323827094,ダラー・ツリー,true,true,true,true,true,true,true
DOC,Healthpeak Properties,Real Estate,Health Care REITs,DOC,NYSE,0.008547008547008583,,false,false,false,false,false,false,false
DOV,Dover Corporation,Industrials,Industrial Machinery & Supplies & Components,DOV,NYSE,-0.009261939218523954,ドーバー,true,true,true,true,true,true,false
DOW,Dow Inc.,Materials,Commodity Chemicals,DOW,NYSE,0.017449004669451977,ダウ,true,true,true,true,true,true,true
DPZ,Domino's,Consumer Discretionary,Restaurants,DPZ,NASDAQ,0.02566797588095362,ドミノ･ピザ,true,true,true,true,true,true,true
DRI,Darden Restaurants,Consumer Discretionary,Restaurants,DRI,NYSE,0.016937739562830262,ダーデン・レストランツ,true,true,true,true,true,true,false
DTE,DTE Energy,Utilities,Multi-Utilities,DTE,NYSE,0.00625339858618806,ディーティーイー・エナジー・カンパニー,true,true,true,true,true,true,false
DUK,Duke Energy,Utilities,Electric Utilities,DUK,NYSE,0.010084033613445325,デューク・エナジー,true,true,true,true,true,true,true
DVA,DaVita,Health Care,Health Care Services,DVA,NYSE,-0.031661567114540316,ダビータ,true,true,true,true,true,true,false
DVN,Devon Energy,Energy,Oil & Gas Exploration & Production,DVN,NYSE,0.018522329697468583,デボン・エナジー・コーポレーション,true,true,true,true,true,true,true
DXCM,Dexcom,Health Care,Health Care Equipment,DXCM,NASDAQ,-0.002405002405002382,デクスコム,true,true,true,true,true,true,true
EA,Electronic Arts,Communication Services,Interactive Home Entertainment,EA,NASDAQ,0.00009824147755173302,エレクトロニック・アーツ,true,true,true,true,true,true,false
EBAY,eBay Inc.,Consumer Discretionary,Broadline Retail,EBAY,NASDAQ,0.010845055299044401,イーベイ,true,true,true,true,true,true,true
ECL,Ecolab,Materials,Specialty Chemicals,ECL,NYSE,-0.019514728797210237,エコラボ,true,true,true,true,true,true,false
ED,Consolidated Edison,Utilities,Multi-Utilities,ED,NYSE,0.013343867965938111,コンソリデーテッド・エジソン,true,true,true,true,true,true,false
EFX,Equifax,Industrials,Research & Consulting Services,EFX,NYSE,0.015195369030390682,エキファックス,true,true,true,true,true,true,false
EG,Everest Group,Financials,Reinsurance,EG,NYSE,0.009942260783647669,エベレスト・リ・グループ,true,true,true,true,true,true,false
EIX,Edison International,Utilities,Electric Utilities,EIX,NYSE,-0.001630877955966357,エジソン・インターナショナル,true,true,true,true,true,true,false
EL,Estée Lauder Companies (The),Consumer Staples,Personal Care Products,EL,NYSE,-0.022486211285532305,エスティローダー クラスA,true,true,true,true,true,true,true
ELV,Elevance Health,Health Care,Managed Health Care,ELV,NYSE,0.007504187604690148,エレバンス・ヘルス,true,true,false,true,true,true,true
EME,Emcor,Industrials,Construction & Engineering,EME,NYSE,-0.004278849318675532,エムコア・グループ,true,true,true,true,true,true,false
EMR,Emerson Electric,Industrials,Electrical Components & Equipment,EMR,NYSE,-0.005061569842109359,エマーソン・エレクトリック,true,true,true,true,true,true,false
EOG,EOG Resources,Energy,Oil & Gas Exploration & Production,EOG,NYSE,0.015809713715994867,イーオージー・リソーシズ,true,true,true,true,true,true,true
EPAM,EPAM Systems,Information Technology,IT Consulting & Other Services,EPAM,NYSE,0.021240378922439348,イーピーエーエム・システムズ,true,true,true,true,true,true,false
EQIX,Equinix,Real Estate,Data Center REITs,EQIX,NASDAQ,0.0044077190305026066,,false,false,false,false,false,false,false
EQR,Equity Residential,Real Estate,Multi-Family Residential REITs,EQR,NYSE,0.012090680100755768,,false,false,false,false,false,false,false
EQT,EQT Corporation,Energy,Oil & Gas Exploration & Production,EQT,NYSE,-0.02275331478146997,イーキューティー,true,true,true,true,true,true,true
ERIE,Erie Indemnity,Financials,Insurance Brokers,ERIE,NASDAQ,0.010202842220332733,イリー・インデムニティー・カンパニー クラスA,true,true,true,true,true,false,false
ES,Eversource Energy,Utilities,Electric Utilities,ES,NYSE,-0.002584350323043888,エバーソース・エナジー,true,true,true,true,true,true,false
ESS,Essex Property Trust,Real Estate,Multi-Family Residential REITs,ESS,NYSE,0.017525094619055416,,false,false,false,false,false,false,false
ETN,Eaton Corporation,Industrials,Electrical Components & Equipment,ETN,NYSE,-0.012200459568880566,イートン,true,true,true,true,true,true,true
ETR,Entergy,Utilities,Electric Utilities,ETR,NYSE,0.011621764395140054,エンタジー,true,true,true,true,true,true,false
EVRG,Evergy,Utilities,Electric Utilities,EVRG,NASDAQ,0.006806028196402555,エヴァージー,true,true,true,true,true,true,false
EW,Edwards Lifesciences,Health Care,Health Care Equipment,EW,NYSE,-0.0025842973172533587,エドワーズ・ライフサイエンシズ,true,true,true,true,true,true,true
EXC,Exelon,Utilities,Electric Utilities,EXC,NASDAQ,0.009206219312602204,エクセロン,true,true,true,true,true,true,false
EXE,Expand Energy,Energy,Oil & Gas Exploration & Production,EXE,NASDAQ,-0.02018296708478733,エクスパンド・エナジー,true,true,false,true,true,true,false
EXPD,Expeditors International,Industrials,Air Freight & Logistics,EXPD,NYSE,0.010394290069988219,エクスペディターズ・インターナショナル・オブ・ワシントン,true,true,true,true,true,true,false
EXPE,Expedia Group,Consumer Discretionary,"Hotels, Resorts & Cruise Lines",EXPE,NASDAQ,-0.010409803663196628,エクスペディア・グループ,true,true,true,true,true,true,false
EXR,Extra Space Storage,Real Estate,Self-Storage REITs,EXR,NYSE,0.010340403049286772,,false,false,false,false,false,false,false
F,Ford Motor Company,Consumer Discretionary,Automobile Manufacturers,F,NYSE,-0.006849315068493157,フォード・モーター,true,true,true,true,true,true,true
FANG,Diamondback Energy,Energy,Oil & Gas Exploration & Production,FANG,NASDAQ,0.017102087923617622,ダイアモンドバック・エナジー,true,true,true,true,true,true,false
FAST,Fastenal,Industrials,Trading Companies & Distributors,FAST,NASDAQ,-0.0070769890628352,ファスナル,true,true,true,true,true,true,false
FCX,Freeport-McMoRan,Materials,Copper,FCX,NYSE,0.0029411764705882305,フリーポートマクモラン,true,true,true,true,true,true,true
FDS,FactSet,Financials,Financial Exchanges & Data,FDS,NYSE,0.012541136707284501,ファクトセット・リサーチ・システムズ,true,true,true,true,true,true,false
FDX,FedEx,Industrials,Air Freight & Logistics,FDX,NYSE,0.006456820016142031,フェデックス,true,true,true,true,true,true,true
FE,FirstEnergy,Utilities,Electric Utilities,FE,NYSE,0.006868131868131896,ファーストエナジー,true,true,true,true,true,true,false
FFIV,"F5, Inc.",Information Technology,Communications Equipment,FFIV,NASDAQ,0.026044309149332135,F5ネットワークス,true,true,true,true,true,true,false
FICO,Fair Isaac,Information Technology,Application Software,FICO,NYSE,0.026149022118852325,フェア・アイザック,true,true,true,true,true,true,true
FIS,Fidelity National Information Services,Financials,Transaction & Payment Processing Services,FIS,NYSE,0.02479521806508739,フィディリティ・ナショナル・インフォメーション・サービシズ,true,true,true,true,true,true,false
FISV,Fiserv,Financials,Transaction & Payment Processing Services,FISV,NASDAQ,0.012804328223624773,フィサーブ,true,true,true,true,true,true,true
FITB,Fifth Third Bancorp,Financials,Regional Banks,FITB,NASDAQ,0.0061939342161469275,フィフス・サード・バンコープ,true,true,true,true,true,true,false
FIX,Comfort Systems USA,Industrials,Construction & Engineering,FIX,NYSE,-0.007931285526278895,コンフォート・システムズUSA,true,true,true,true,true,true,false
FOX,Fox Corporation (Class B),Communication Services,Broadcasting,FOX,NASDAQ,-0.00018910741301068676,フォックス　クラスB,true,true,true,true,true,true,false
FOXA,Fox Corporation (Class A),Communication Services,Broadcasting,FOXA,NASDAQ,0.0027369141293191344,フォックス　クラスA,true,true,true,true,true,true,false
FRT,Federal Realty Investment Trust,Real Estate,Retail REITs,FRT,NYSE,0.006882896473694173,,false,false,false,false,false,false,false
FSLR,First Solar,Information Technology,Semiconductors,FSLR,NASDAQ,-0.020559622906428616,ファースト・ソーラー,true,true,true,true,true,true,true
FTNT,Fortinet,Information Technology,Systems Software,FTNT,NASDAQ,0.017005545286506413,フォーティネット,true,true,true,true,true,true,true
FTV,Fortive,Industrials,Industrial Machinery & Supplies & Components,FTV,NYSE,0.003220035778175308,フォーティブ,true,true,true,true,true,true,false
GD,General Dynamics,Industrials,Aerospace & Defense,GD,NYSE,-0.004108064930248474,ゼネラル・ダイナミックス,true,true,true,true,true,true,false
GDDY,GoDaddy,Information Technology,Internet Services & Infrastructure,GDDY,NYSE,0.011267954432887525,ゴーダディ クラスA,true,true,true,true,true,true,false
GE,GE Aerospace,Industrials,Aerospace & Defense,GE,NYSE,-0.03936039360393598,GE エアロスペース（ゼネラル・エレクトリック）,true,true,true,true,true,true,true
GEHC,GE HealthCare,Health Care,Health Care Equipment,GEHC,NASDAQ,-0.022169712975189368,GEヘルスケア・テクノロジーズ,true,true,true,true,true,true,false
GEN,Gen Digital,Information Technology,Systems Software,GEN,NASDAQ,0.009620523784072672,ゲンデジタル,true,true,true,true,true,true,false
GEV,GE Vernova,Industrials,Heavy Electrical Equipment,GEV,NYSE,0.004235678043765035,GEベルノバ,true,true,true,true,true,true,true
GILD,Gilead Sciences,Health Care,Biotechnology,GILD,NASDAQ,-0.0042052744119743645,ギリアド・サイエンシズ,true,true,true,true,true,true,true
GIS,General Mills,Consumer Staples,Packaged Foods & Meats,GIS,NYSE,0.005643644181671617,ゼネラル・ミルズ,true,true,true,true,true,true,false
GL,Globe Life,Financials,Life & Health Insurance,GL,NYSE,0.017844396859386154,グローブ・ライフ,true,true,true,true,true,true,false
GLW,Corning Inc.,Information Technology,Electronic Components,GLW,NYSE,0.03890995926394151,コーニング,true,true,true,true,true,true,false
GM,General Motors,Consumer Discretionary,Automobile Manufacturers,GM,NYSE,-0.03331556503198294,ゼネラルモーターズ,true,true,true,true,true,true,true
GNRC,Generac,Industrials,Electrical Components & Equipment,GNRC,NYSE,-0.02491836222054764,ジェネラック・ホールディングス,true,true,true,true,true,true,false
GOOG,Alphabet Inc. (Class C),Communication Services,Interactive Media & Services,GOOG,NASDAQ,-0.00149203119701593,アルファベット クラスC,true,true,true,true,true,true,false
GOOGL,Alphabet Inc. (Class A),Communication Services,Interactive Media & Services,GOOGL,NASDAQ,-0.0054473923131241955,アルファベット クラスA,true,true,true,true,true,true,true
GPC,Genuine Parts Company,Consumer Discretionary,Distributors,GPC,NYSE,-0.016257843696520325,ジェニュイン・パーツ,true,true,true,true,true,true,false
GPN,Global Payments,Financials,Transaction & Payment Processing Services,GPN,NYSE,-0.020042839657282777,グローバル・ペイメンツ,true,true,true,true,true,true,false
GRMN,Garmin,Consumer Discretionary,Consumer Electronics,GRMN,NYSE,0.0003367428547376037,ガーミン,true,true,true,true,true,true,false
GS,Goldman Sachs,Financials,Investment Banking & Brokerage,GS,NYSE,0.003289894328129093,ゴールドマン・サックス,true,true,true,true,true,true,true
GWW,W. W. Grainger,Industrials,Industrial Machinery & Supplies & Components,GWW,NYSE,0.008911320175517903,ダブリュー・ダブリュー・グレインジャー,true,true,true,true,true,true,false
HAL,Halliburton,Energy,Oil & Gas Equipment & Services,HAL,NYSE,0.004473684210526361,ハリバートン,true,true,true,true,true,true,false
HAS,Hasbro,Consumer Discretionary,Leisure Products,HAS,NASDAQ,0.00872678451555159,ハスブロ,true,true,true,true,true,true,false
HBAN,Huntington Bancshares,Financials,Regional Banks,HBAN,NASDAQ,-0.005667506297229322,ハンチントン・バンクシェアーズ,true,true,true,true,true,true,false
HCA,HCA Healthcare,Health Care,Health Care Facilities,HCA,NYSE,-0.006129541864139073,HCAヘルスケア,true,true,true,true,true,true,true
HD,Home Depot (The),Consumer Discretionary,Home Improvement Retail,HD,NYSE,-0.024062386211918942,ホームデポ,true,true,true,true,true,true,true
HIG,Hartford (The),Financials,Property & Casualty Insurance,HIG,NYSE,0.011437059041960579,ハートフォード・インシュランス・グループ,true,true,true,true,true,true,false
HII,Huntington Ingalls Industries,Industrials,Aerospace & Defense,HII,NYSE,0.008390114919149831,ハンティントン・インガルス・インダストリーズ,true,true,true,true,true,true,false
HLT,Hilton Worldwide,Consumer Discretionary,"Hotels, Resorts & Cruise Lines",HLT,NYSE,-0.010737688963861684,ヒルトン・ワールドワイド・ホールディングス,true,true,true,true,true,true,true
HOLX,Hologic,Health Care,Health Care Equipment,HOLX,NASDAQ,0.0006613756613758118,ホロジック,true,true,true,true,true,true,false
HON,Honeywell,Industrials,Industrial Conglomerates,HON,NASDAQ,0.005477651183172656,ハネウェル・インターナショナル,true,true,true,true,true,true,true
HOOD,Robinhood Markets,Financials,Investment Banking & Brokerage,HOOD,NASDAQ,-0.017258593638567875,ロビンフッド・マーケッツ,true,true,true,true,true,true,true
HPE,Hewlett Packard Enterprise,Information Technology,"Technology Hardware, Storage & Peripherals",HPE,NYSE,0.026271893244370268,ヒューレット・パッカード・エンタープライズ,true,true,true,true,true,true,false
HPQ,HP Inc.,Information Technology,"Technology Hardware, Storage & Peripherals",HPQ,NYSE,0.029551451187335213,HP,true,true,true,true,true,true,true
HRL,Hormel Foods,Consumer Staples,Packaged Foods & Meats,HRL,NYSE,0.0027235587834770186,ホーメル・フーズ,true,true,true,true,true,true,false
HSIC,Henry Schein,Health Care,Health Care Distributors,HSIC,NASDAQ,0.01232201533406341,ヘンリー・シャイン,true,true,true,true,true,true,false
HST,Host Hotels & Resorts,Real Estate,Hotel & Resort REITs,HST,NASDAQ,0.00209424083769629,,false,false,false,false,false,false,false
HSY,Hershey Company (The),Consumer Staples,Packaged Foods & Meats,HSY,NYSE,0.016264971166642078,ハーシー,true,true,true,true,true,true,true
HUBB,Hubbell Incorporated,Industrials,Industrial Machinery & Supplies & Components,HUBB,NYSE,-0.012250689475998233,ハベル,true,true,true,true,true,true,false
HUM,Humana,Health Care,Managed Health Care,HUM,NYSE,0.004973156258830313,ヒューマナ,true,true,true,true,true,true,true
HWM,Howmet Aerospace,Industrials,Aerospace & Defense,HWM,NYSE,-0.026606425702811184,ハウメット・エアロスペース,true,true,true,true,true,true,false
IBKR,Interactive Brokers,Financials,Investment Banking & Brokerage,IBKR,NASDAQ,-0.002503313208658544,インタラクティブ・ブローカーズ・グループ　クラスA,true,true,true,true,true,false,false
IBM,IBM,Information Technology,IT Consulting & Other Services,IBM,NYSE,0.02064654108743938,アイビーエム,true,true,true,true,true,true,true
ICE,Intercontinental Exchange,Financials,Financial Exchanges & Data,ICE,NYSE,0.030996963562752892,インターコンチネンタル・エクスチェンジ,true,true,true,true,true,true,true
IDXX,Idexx Laboratories,Health Care,Health Care Equipment,IDXX,NASDAQ,0.008660078631388776,アイデックス・ラボラトリーズ,true,true,true,true,true,true,false
IEX,IDEX Corporation,Industrials,Industrial Machinery & Supplies & Components,IEX,NYSE,-0.007865402646108922,アイデックス,true,true,true,true,true,true,false
IFF,International Flavors & Fragrances,Materials,Specialty Chemicals,IFF,NYSE,-0.0019291718340910344,インターナショナル・フレーバー・アンド・フレグランス,true,true,true,true,true,true,false
INCY,Incyte,Health Care,Biotechnology,INCY,NASDAQ,0.017285259809119935,インサイト,true,true,true,true,true,true,false
INTC,Intel,Information Technology,Semiconductors,INTC,NASDAQ,0.04892775348740373,インテル,true,true,true,true,true,true,true
INTU,Intuit,Information Technology,Application Software,INTU,NASDAQ,-0.007960175640453628,インテュイト,true,true,true,true,true,true,true
INVH,Invitation Homes,Real Estate,Single-Family Residential REITs,INVH,NYSE,0.02816901408450701,,false,false,false,false,false,false,false
IP,International Paper,Materials,Paper & Plastic Packaging Products & Materials,IP,NYSE,-0.024397083567021804,インターナショナル・ペーパー,true,true,true,true,true,true,false
IQV,IQVIA,Health Care,Life Sciences Tools & Services,IQV,NYSE,0.004988399071925668,アイキューヴィア・ホールディングス,true,true,true,true,true,true,false
IR,Ingersoll Rand,Industrials,Industrial Machinery & Supplies & Components,IR,NYSE,-0.026125000000000044,インガソール・ランド,true,true,true,true,true,true,false
IRM,Iron Mountain,Real Estate,Other Specialized REITs,IRM,NYSE,0.023278850916295137,,false,false,false,false,false,false,false
ISRG,Intuitive Surgical,Health Care,Health Care Equipment,ISRG,NASDAQ,-0.02665518355043599,インテュイティブ・サージカル,true,true,true,true,true,true,true
IT,Gartner,Information Technology,IT Consulting & Other Services,IT,NYSE,0.019768718909490293,ガートナー,true,true,true,true,true,true,false
ITW,Illinois Tool Works,Industrials,Industrial Machinery & Supplies & Components,ITW,NYSE,-0.008942964611959932,イリノイ・ツール・ワークス,true,true,true,true,true,true,false
IVZ,Invesco,Financials,Asset Management & Custody Banks,IVZ,NYSE,-0.0074013157894736725,インベスコ,true,true,true,true,true,true,false
J,Jacobs Solutions,Industrials,Construction & Engineering,J,NYSE,-0.0031147796293410474,ジェイコブズ・ソリューションズ,true,true,true,true,true,true,false
JBHT,J.B. Hunt,Industrials,Cargo Ground Transportation,JBHT,NASDAQ,0.006887181409295347,ジェイビー・ハント・トランスポート・サービシズ,true,true,true,true,true,true,false
JBL,Jabil,Information Technology,Electronic Manufacturing Services,JBL,NYSE,-0.01253860861891443,ジェイビル・サーキット,true,true,true,true,true,true,false
JCI,Johnson Controls,Industrials,Building Products,JCI,NYSE,-0.012989904988123515,ジョンソン・コントロールズ,true,true,true,true,true,true,false
JKHY,Jack Henry & Associates,Financials,Transaction & Payment Processing Services,JKHY,NASDAQ,0.011887168283749883,ジャック・ヘンリー・アンド・アソシエイツ,true,true,true,true,true,true,false
JNJ,Johnson & Johnson,Health Care,Pharmaceuticals,JNJ,NYSE,-0.00442405374406035,ジョンソン・エンド・ジョンソン,true,true,true,true,true,true,true
JPM,JPMorgan Chase,Financials,Diversified Banks,JPM,NYSE,-0.0026406662604102266,ジェイピー・モルガン・チェース,true,true,true,true,true,true,true
KDP,Keurig Dr Pepper,Consumer Staples,Soft Drinks & Non-alcoholic Beverages,KDP,NASDAQ,-0.01479174776177511,キューリグ・ドクターペッパー,true,true,true,true,true,true,true
KEY,KeyCorp,Financials,Regional Banks,KEY,NYSE,0.006391347099311652,キーコープ,true,true,true,true,true,true,false
KEYS,Keysight Technologies,Information Technology,Electronic Equipment & Instruments,KEYS,NYSE,0.004830251173061117,キーサイト・テクノロジーズ,true,true,true,true,true,true,false
KHC,Kraft Heinz,Consumer Staples,Packaged Foods & Meats,KHC,NASDAQ,0.023349797934440933,クラフト・ハインツ,true,true,true,true,true,true,true
KIM,Kimco Realty,Real Estate,Retail REITs,KIM,NYSE,0.006681514476614795,,false,false,false,false,false,false,false
KKR,KKR & Co.,Financials,Asset Management & Custody Banks,KKR,NYSE,-0.0014229422066549414,KKR,true,false,false,false,true,false,false
KLAC,KLA Corporation,Information Technology,Semiconductor Materials & Equipment,KLAC,NASDAQ,-0.001973891988630382,ケーエルエー・コーポレーション,true,true,true,true,true,true,true
KMB,Kimberly-Clark,Consumer Staples,Household Products,KMB,NASDAQ,-0.014758634826278547,キンバリークラーク,true,true,true,true,true,true,false
KMI,Kinder Morgan,Energy,Oil & Gas Storage & Transportation,KMI,NYSE,0.00273722627737215,キンダー・モルガン,true,true,true,true,true,true,false
KO,Coca-Cola Company (The),Consumer Staples,Soft Drinks & Non-alcoholic Beverages,KO,NYSE,0.008412197686645645,コカ・コーラ,true,true,true,true,true,true,true
KR,Kroger,Consumer Staples,Food Retail,KR,NYSE,0.02565920045364315,クローガー,true,true,true,true,true,true,true
KVUE,Kenvue,Consumer Staples,Personal Care Products,KVUE,NYSE,-0.0138089758342922,ケンビュー,true,true,true,true,false,false,false
L,Loews Corporation,Financials,Multi-line Insurance,L,NYSE,0.009846211552888196,ロウズ,true,true,true,true,true,true,false
LDOS,Leidos,Industrials,Diversified Support Services,LDOS,NYSE,0.01801166591885137,レイドス・ホールディングス,true,true,true,true,true,true,false
LEN,Lennar,Consumer Discretionary,Homebuilding,LEN,NYSE,0.012289325842696597,レナー クラスA,true,true,true,true,true,true,false
LH,Labcorp,Health Care,Health Care Services,LH,NYSE,0.0035931656522696274,ラボコープ・ホールディングス,true,true,true,true,true,true,false
LHX,L3Harris,Industrials,Aerospace & Defense,LHX,NYSE,0.005905456189426619,L3ハリス・テクノロジーズ,true,true,true,true,true,true,true
LII,Lennox International,Industrials,Building Products,LII,NYSE,-0.021943034162292378,レノックス・インターナショナル,true,true,true,true,true,true,false
LIN,Linde plc,Materials,Industrial Gases,LIN,NASDAQ,0.01775914788489974,リンデ,true,true,true,true,true,true,true
LITE,Lumentum,Information Technology,Communications Equipment,LITE,NASDAQ,0.08138363957366118,ルメンタム・ホールディングス,true,true,true,true,true,true,false
LLY,Lilly (Eli),Health Care,Pharmaceuticals,LLY,NYSE,-0.019842433893475193,イーライ・リリー,true,true,true,true,true,true,true
LMT,Lockheed Martin,Industrials,Aerospace & Defense,LMT,NYSE,0.008338190531701277,ロッキード・マーチン,true,true,true,true,true,true,true
LNT,Alliant Energy,Utilities,Electric Utilities,LNT,NASDAQ,0.012649430080622694,アライアント・エナジー,true,true,true,true,true,true,false
LOW,Lowe's,Consumer Discretionary,Home Improvement Retail,LOW,NYSE,-0.02097635392829896,ロウズ・カンパニーズ,true,true,true,true,true,true,true
LRCX,Lam Research,Information Technology,Semiconductor Materials & Equipment,LRCX,NASDAQ,-0.016080356740687328,ラム・リサーチ,true,true,true,true,true,true,true
LULU,Lululemon Athletica,Consumer Discretionary,"Apparel, Accessories & Luxury Goods",LULU,NASDAQ,-0.01945721302185003,ルルレモン・アスレティカ,true,true,true,true,true,true,true
LUV,Southwest Airlines,Industrials,Passenger Airlines,LUV,NYSE,-0.016479204812973988,サウスウェスト航空,true,true,true,true,true,true,false
LVS,Las Vegas Sands,Consumer Discretionary,Casinos & Gaming,LVS,NYSE,0.000368188512518467,ラスベガス・サンズ,true,true,true,true,true,true,false
LYB,LyondellBasell,Materials,Specialty Chemicals,LYB,NYSE,0.03767435797158129,リヨンデルバセル・インダストリーズ クラスA,true,true,true,true,true,true,false
LYV,Live Nation Entertainment,Communication Services,Movies & Entertainment,LYV,NYSE,0.020441590775077016,ライブ・ネーション・エンターテインメント,true,true,true,true,true,true,false
MA,Mastercard,Financials,Transaction & Payment Processing Services,MA,NYSE,0.003640801383097774,マスターカード クラスA,true,true,true,true,true,true,true
MAA,Mid-America Apartment Communities,Real Estate,Multi-Family Residential REITs,MAA,NYSE,0.019012647898816796,,false,false,false,false,false,false,false
MAR,Marriott International,Consumer Discretionary,"Hotels, Resorts & Cruise Lines",MAR,NASDAQ,-0.004588256462544152,マリオット・インターナショナル,true,true,true,true,true,true,true
MAS,Masco,Industrials,Building Products,MAS,NYSE,-0.025869171197890926,マスコ,true,true,true,true,true,true,false
MCD,McDonald's,Consumer Discretionary,Restaurants,MCD,NYSE,-0.0004881382407498913,マクドナルド,true,true,true,true,true,true,true
MCHP,Microchip Technology,Information Technology,Semiconductors,MCHP,NASDAQ,0.0033649434077699433,マイクロチップ・テクノロジー,true,true,true,true,true,true,true
MCK,McKesson Corporation,Health Care,Health Care Distributors,MCK,NYSE,0.013710564930300718,マケッソン,true,true,true,true,true,true,true
MCO,Moody's Corporation,Financials,Financial Exchanges & Data,MCO,NYSE,0.004580883358402953,ムーディーズ,true,true,true,true,true,true,false
MDLZ,Mondelez International,Consumer Staples,Packaged Foods & Meats,MDLZ,NASDAQ,0.008235500262835095,モンデリーズ・インターナショナル クラスA,true,true,true,true,true,true,true
MDT,Medtronic,Health Care,Health Care Equipment,MDT,NYSE,0.006623286079479354,メドトロニック,true,true,true,true,true,true,true
MET,MetLife,Financials,Life & Health Insurance,MET,NYSE,-0.006322888857664786,メットライフ,true,true,true,true,true,true,false
META,Meta Platforms,Communication Services,Interactive Media & Services,META,NASDAQ,-0.008235070697305011,メタ・プラットフォームズ,true,true,true,true,true,true,true
MGM,MGM Resorts,Consumer Discretionary,Casinos & Gaming,MGM,NYSE,-0.0027188689505166235,エムジーエム・リゾーツ・インターナショナル,true,true,true,true,true,true,false
MKC,McCormick & Company,Consumer Staples,Packaged Foods & Meats,MKC,NYSE,0.009714758164530773,マコーミック,true,true,true,true,true,true,false
MLM,Martin Marietta Materials,Materials,Construction Materials,MLM,NYSE,-0.0029052294129433133,マーチン・マリエッタ・マテリアルズ,true,true,true,true,true,true,false
MMM,3M,Industrials,Industrial Conglomerates,MMM,NYSE,-0.005370051635111884,スリーエム,true,true,true,true,true,true,true
MNST,Monster Beverage,Consumer Staples,Soft Drinks & Non-alcoholic Beverages,MNST,NASDAQ,-0.005496770647244627,モンスター・ビバレッジ,true,true,true,true,true,true,true
MO,Altria,Consumer Staples,Tobacco,MO,NYSE,0.004276114844227262,アルトリア・グループ,true,true,true,true,true,true,true
MOS,Mosaic Company (The),Materials,Fertilizers & Agricultural Chemicals,MOS,NYSE,-0.013941220798794177,モザイク,true,true,true,true,true,true,false
MPC,Marathon Petroleum,Energy,Oil & Gas Refining & Marketing,MPC,NYSE,0.014989922741014416,マラソン・ペトロリアム,true,true,true,true,true,true,true
MPWR,Monolithic Power Systems,Information Technology,Semiconductors,MPWR,NASDAQ,-0.0009111128976069725,モノリシック・パワー・システムズ,true,true,true,true,true,true,true
MRK,Merck & Co.,Health Care,Pharmaceuticals,MRK,NYSE,0.0002482621648460869,メルク,true,true,true,true,true,true,true
MRNA,Moderna,Health Care,Biotechnology,MRNA,NASDAQ,-0.016590045972416517,モデルナ,true,true,true,true,true,true,true
MRSH,Marsh McLennan,Financials,Insurance Brokers,MRSH,NYSE,0.015942281957293355,マーシュ・アンド・マクレナン,true,true,true,true,true,true,true
MS,Morgan Stanley,Financials,Investment Banking & Brokerage,MS,NYSE,-0.00216645603899612,モルガン・スタンレー,true,true,true,true,true,true,true
MSCI,MSCI Inc.,Financials,Financial Exchanges & Data,MSCI,NYSE,0.014676848575153651,エムエスシーアイ,true,true,true,true,true,true,false
MSFT,Microsoft,Information Technology,Systems Software,MSFT,NASDAQ,0.011072907924303476,マイクロソフト,true,true,true,true,true,true,true
MSI,Motorola Solutions,Information Technology,Communications Equipment,MSI,NYSE,0.011125699675212458,モトローラ・ソリューションズ,true,true,true,true,true,true,false
MTB,M&T Bank,Financials,Regional Banks,MTB,NYSE,0.005646473346731778,エム・アンド・ティー・バンク,true,true,true,true,true,true,false
MTD,Mettler Toledo,Health Care,Life Sciences Tools & Services,MTD,NYSE,-0.011074918566775166,メトラー・トレド・インターナショナル,true,true,true,true,true,true,false
MU,Micron Technology,Information Technology,Semiconductors,MU,NASDAQ,-0.004376784015223633,マイクロン・テクノロジー,true,true,true,true,true,true,true
NCLH,Norwegian Cruise Line Holdings,Consumer Discretionary,"Hotels, Resorts & Cruise Lines",NCLH,NYSE,-0.023219814241486034,ノルウェージャン・クルーズライン・ホールディングス,true,true,true,true,true,true,false
NDAQ,"Nasdaq, Inc.",Financials,Financial Exchanges & Data,NDAQ,NASDAQ,0.017615971814445096,ナスダック,true,true,true,true,true,true,false
NDSN,Nordson Corporation,Industrials,Industrial Machinery & Supplies & Components,NDSN,NASDAQ,-0.015491692860350195,ノードソン,true,true,true,true,true,true,false
NEE,NextEra Energy,Utilities,Multi-Utilities,NEE,NYSE,0.003231017770597861,ネクステラ・エナジー,true,true,true,true,true,true,true
NEM,Newmont,Materials,Gold,NEM,NYSE,0.002284910800597512,ニューモント,true,true,true,true,true,true,true
NFLX,Netflix,Communication Services,Movies & Entertainment,NFLX,NASDAQ,0.0325484039769754,ネットフリックス,true,true,true,true,true,true,true
NI,NiSource,Utilities,Multi-Utilities,NI,NYSE,0.012579957356076832,ナイソース,true,true,true,true,true,true,false
NKE,"Nike, Inc.",Consumer Discretionary,"Apparel, Accessories & Luxury Goods",NKE,NYSE,-0.009858839345731679,ナイキ クラスB,true,true,true,true,true,true,true
NOC,Northrop Grumman,Industrials,Aerospace & Defense,NOC,NYSE,0.007890961262553802,ノースロップ・グラマン,true,true,true,true,true,true,true
NOW,ServiceNow,Information Technology,Systems Software,NOW,NYSE,-0.01960784313725496,サービスナウ,true,true,true,true,true,true,true
NRG,NRG Energy,Utilities,Independent Power Producers & Energy Traders,NRG,NYSE,0.0186124082721814,エヌアールジー・エナジー,true,true,true,true,true,true,false
NSC,Norfolk Southern,Industrials,Rail Transportation,NSC,NYSE,0.003484320557491289,ノーフォーク・サザン,true,true,true,true,true,true,false
NTAP,NetApp,Information Technology,"Technology Hardware, Storage & Peripherals",NTAP,NASDAQ,0.018026004728132372,ネットアップ,true,true,true,true,true,true,false
NTRS,Northern Trust,Financials,Asset Management & Custody Banks,NTRS,NASDAQ,0.00594017396223749,ノーザン・トラスト,true,true,true,true,true,true,false
NUE,Nucor,Materials,Steel,NUE,NYSE,-0.007253050886483945,ニューコア,true,true,true,true,true,true,false
NVDA,Nvidia,Information Technology,Semiconductors,NVDA,NASDAQ,0.009331436699857676,エヌビディア,true,true,true,true,true,true,true
NVR,"NVR, Inc.",Consumer Discretionary,Homebuilding,NVR,NYSE,-0.00015755853299489849,エヌブイアール,true,true,true,true,true,true,false
NWS,News Corp (Class B),Communication Services,Publishing,NWS,NASDAQ,-0.0014209591474244813,ニューズ・コーポレーション クラスB,true,true,true,true,true,true,false
NWSA,News Corp (Class A),Communication Services,Publishing,NWSA,NASDAQ,-0.012545528126264761,ニューズ・コーポレーション クラスA,true,true,true,true,true,true,false
NXPI,NXP Semiconductors,Information Technology,Semiconductors,NXPI,NASDAQ,-0.005266387156150941,NXPセミコンダクターズ,true,true,true,true,true,true,true
O,Realty Income,Real Estate,Retail REITs,O,NYSE,0.0053329023917258935,,false,false,false,false,false,false,false
ODFL,Old Dominion,Industrials,Cargo Ground Transportation,ODFL,NASDAQ,-0.008165105445073362,オールド・ドミニオン・フレイト・ラインズ,true,true,true,true,true,true,false
OKE,Oneok,Energy,Oil & Gas Storage & Transportation,OKE,NYSE,0.010760073260073234,ワンオーケー,true,true,true,true,true,true,false
OMC,Omnicom Group,Communication Services,Advertising,OMC,NYSE,-0.005318441696582788,オムニコム・グループ,true,true,true,true,true,true,false
ON,ON Semiconductor,Information Technology,Semiconductors,ON,NASDAQ,-0.00016077170418014655,オン・セミコンダクター・コーポレーション,true,true,true,true,true,true,true
ORCL,Oracle Corporation,Information Technology,Application Software,ORCL,NYSE,0.007918474144460551,オラクル,true,true,true,true,true,true,true
ORLY,O’Reilly Automotive,Consumer Discretionary,Automotive Retail,ORLY,NASDAQ,-0.00738327904451675,オライリー・オートモーティブ,true,true,true,true,true,true,true
OTIS,Otis Worldwide,Industrials,Industrial Machinery & Supplies & Components,OTIS,NYSE,0.005293737895416354,オティス・ワールドワイド,true,true,true,true,true,true,false
OXY,Occidental Petroleum,Energy,Oil & Gas Exploration & Production,OXY,NYSE,0.011891370721516985,オクシデンタル・ペトロリアム,true,true,true,true,true,true,true
PANW,Palo Alto Networks,Information Technology,Systems Software,PANW,NASDAQ,0.015808800647289605,パロ・アルト・ネットワークス,true,true,true,true,true,true,true
PAYX,Paychex,Industrials,Human Resource & Employment Services,PAYX,NASDAQ,0.00868991310086906,ペイチェックス,true,true,true,true,true,true,false
PCAR,Paccar,Industrials,Construction Machinery & Heavy Transportation Equipment,PCAR,NASDAQ,0.00569485762855918,パッカー,true,true,true,true,true,true,false
PCG,PG&E Corporation,Utilities,Multi-Utilities,PCG,NYSE,0.0011267605633802577,パシフィック・ガス・アンド・エレクトリック,true,false,true,true,true,true,false
PEG,Public Service Enterprise Group,Utilities,Electric Utilities,PEG,NYSE,0.007263326357257038,パブリック・サービス・エンタープライズ・グループ,true,true,true,true,true,true,false
PEP,PepsiCo,Consumer Staples,Soft Drinks & Non-alcoholic Beverages,PEP,NASDAQ,0.015260265114775204,ペプシコ,true,true,true,true,true,true,true
PFE,Pfizer,Health Care,Pharmaceuticals,PFE,NYSE,-0.008056042031523658,ファイザー,true,true,true,true,true,true,true
PFG,Principal Financial Group,Financials,Life & Health Insurance,PFG,NASDAQ,0.00022202486678503576,プリンシパル・フィナンシャル・グループ,true,true,true,true,true,true,false
PG,Procter & Gamble,Consumer Staples,Personal Care Products,PG,NYSE,-0.00673190367131653,プロクター・アンド・ギャンブル,true,true,true,true,true,true,true
PGR,Progressive Corporation,Financials,Property & Casualty Insurance,PGR,NYSE,0.010297009210390196,プログレッシブ,true,true,true,true,true,true,true
PH,Parker Hannifin,Industrials,Industrial Machinery & Supplies & Components,PH,NYSE,-0.013803664324424163,パーカー･ハニフィン,true,true,true,true,true,true,true
PHM,PulteGroup,Consumer Discretionary,Homebuilding,PHM,NYSE,0.0011950490823730308,パルト・グループ,true,true,true,true,true,true,false
PKG,Packaging Corporation of America,Materials,Paper & Plastic Packaging Products & Materials,PKG,NYSE,-0.03223363468547357,パッケージング・コーポレーション・オブ・アメリカ,true,true,true,true,true,true,false
PLD,Prologis,Real Estate,Industrial REITs,PLD,NYSE,0.003300082502062534,,false,false,false,false,false,false,false
PLTR,Palantir Technologies,Information Technology,Application Software,PLTR,NASDAQ,0.013448016929483232,パランティア・テクノロジーズ,true,true,true,true,true,true,true
PM,Philip Morris International,Consumer Staples,Tobacco,PM,NYSE,0.004894171486683924,フィリップ・モリス・インターナショナル,true,true,true,true,true,true,true
PNC,PNC Financial Services,Financials,Diversified Banks,PNC,NYSE,0.011756834257312079,ピーエヌシー・フィナンシャル・サービシズ・グループ,true,true,true,true,true,true,true
PNR,Pentair,Industrials,Industrial Machinery & Supplies & Components,PNR,NYSE,-0.010834485938220515,ペンテア,true,true,true,true,true,true,false
PNW,Pinnacle West Capital,Utilities,Multi-Utilities,PNW,NYSE,0.011523687580025624,ピナクル・ウェスト・キャピタル,true,true,true,true,true,true,false
PODD,Insulet Corporation,Health Care,Health Care Equipment,PODD,NASDAQ,-0.013185857805254974,インシュレット,true,true,true,true,true,true,false
POOL,Pool Corporation,Consumer Discretionary,Distributors,POOL,NASDAQ,0.014244302279088336,プール,true,true,true,true,true,true,false
PPG,PPG Industries,Materials,Specialty Chemicals,PPG,NYSE,-0.030337184183338067,ピーピージー・インダストリーズ,true,true,true,true,true,true,false
PPL,PPL Corporation,Utilities,Electric Utilities,PPL,NYSE,0.0070367474589523886,パシフィック・パワー・アンド・ライト・コーポレーション,true,true,true,true,true,true,false
PRU,Prudential Financial,Financials,Life & Health Insurance,PRU,NYSE,-0.004082465809348904,プルデンシャル・フィナンシャル,true,true,true,true,true,true,false
PSA,Public Storage,Real Estate,Self-Storage REITs,PSA,NYSE,0.014878366637706392,,false,false,false,false,false,false,false
PSKY,Paramount Skydance Corporation,Communication Services,Movies & Entertainment,PSKY,NASDAQ,0.029189189189189144,パラマウント・スカイダンス B,true,true,true,true,true,true,false
PSX,Phillips 66,Energy,Oil & Gas Refining & Marketing,PSX,NYSE,0.003245274424960269,フィリップス66,true,true,true,true,true,true,true
PTC,PTC Inc.,Information Technology,Application Software,PTC,NASDAQ,0.0009121526803255364,ピー・ティー・シー,true,true,true,true,true,true,false
PWR,Quanta Services,Industrials,Construction & Engineering,PWR,NYSE,0.0011071230870877387,クアンタ・サービシズ,true,true,true,true,true,true,true
PYPL,PayPal,Financials,Transaction & Payment Processing Services,PYPL,NASDAQ,0.015908581671521416,ペイパル・ホールディングス,true,true,true,true,true,true,true
Q,Qnity Electronics,Information Technology,Semiconductor Materials & Equipment,Q,NYSE,-0.01712213225371121,キューニティ・エレクトロニクス,true,true,true,true,true,true,false
QCOM,Qualcomm,Information Technology,Semiconductors,QCOM,NASDAQ,-0.0037712130735386862,クアルコム,true,true,true,true,true,true,true
RCL,Royal Caribbean Group,Consumer Discretionary,"Hotels, Resorts & Cruise Lines",RCL,NYSE,-0.030029071828689028,ロイヤル・カリビアン・クルーズ,true,true,true,true,true,true,true
REG,Regency Centers,Real Estate,Retail REITs,REG,NASDAQ,0.011430823807646887,,false,false,false,false,false,false,false
REGN,Regeneron Pharmaceuticals,Health Care,Biotechnology,REGN,NASDAQ,-0.01981344483756832,リジェネロン・ファーマシューティカルズ,true,true,true,true,true,true,true
RF,Regions Financial Corporation,Financials,Regional Banks,RF,NYSE,0.004935459377372779,リジョンズ・フィナンシャル,true,true,true,true,true,true,false
RJF,Raymond James Financial,Financials,Investment Banking & Brokerage,RJF,NYSE,-0.008368200836820203,レイモンド・ジェームズ・フィナンシャル,true,true,true,true,true,true,false
RL,Ralph Lauren Corporation,Consumer Discretionary,"Apparel, Accessories & Luxury Goods",RL,NYSE,-0.014135576895838671,ラルフローレン,true,true,true,true,true,true,true
RMD,ResMed,Health Care,Health Care Equipment,RMD,NYSE,0.00556428090643935,レスメド,true,true,true,true,true,true,false
ROK,Rockwell Automation,Industrials,Electrical Components & Equipment,ROK,NYSE,-0.010571397592974178,ロックウェル・オートメーション,true,true,true,true,true,true,false
ROL,"Rollins, Inc.",Industrials,Environmental & Facilities Services,ROL,NYSE,0.00822583660497285,ローリンズ,true,true,true,true,true,true,false
ROP,Roper Technologies,Information Technology,Electronic Equipment & Instruments,ROP,NASDAQ,0.005648129935088631,ローパー・テクノロジーズ,true,true,true,true,true,true,false
ROST,Ross Stores,Consumer Discretionary,Apparel Retail,ROST,NASDAQ,0.00013639463514435616,ロス・ストアーズ,true,true,true,true,true,true,true
RSG,Republic Services,Industrials,Environmental & Facilities Services,RSG,NYSE,0.014384729008067228,リパブリック・サービシズ,true,true,true,true,true,true,false
RTX,RTX Corporation,Industrials,Aerospace & Defense,RTX,NYSE,0.007652013147083038,RTX,true,true,true,true,true,true,true
RVTY,Revvity,Health Care,Health Care Equipment,RVTY,NYSE,0.011601455868971747,レビティー,true,true,true,true,true,true,false
SATS,EchoStar,Communication Services,Wireless Telecommunication Services,SATS,NASDAQ,0.0669983416252074,エコスター クラスA,true,true,true,true,true,true,false
SBAC,SBA Communications,Real Estate,Telecom Tower REITs,SBAC,NASDAQ,0.18932152016787124,,false,false,false,false,false,false,false
SBUX,Starbucks,Consumer Discretionary,Restaurants,SBUX,NASDAQ,-0.0006634966272255034,スターバックス,true,true,true,true,true,true,true
SCHW,Charles Schwab Corporation,Financials,Investment Banking & Brokerage,SCHW,NYSE,0.015266349068860941,チャールズ・シュワブ,true,true,true,true,true,true,true
SHW,Sherwin-Williams,Materials,Specialty Chemicals,SHW,NYSE,-0.02364138778016576,シャーウィンウィリアムズ,true,true,true,true,true,true,true
SJM,J.M. Smucker Company (The),Consumer Staples,Packaged Foods & Meats,SJM,NYSE,-0.00020944601528951747,ジェイ・エム・スマッカー,true,true,true,true,true,true,false
SLB,Schlumberger,Energy,Oil & Gas Equipment & Services,SLB,NYSE,-0.011792924245452797,SLB,true,true,true,true,true,true,true
SMCI,Supermicro,Information Technology,"Technology Hardware, Storage & Peripherals",SMCI,NASDAQ,0.03154153709462449,スーパー・マイクロ・コンピューター,true,true,true,true,true,true,false
SNA,Snap-on,Industrials,Industrial Machinery & Supplies & Components,SNA,NYSE,-0.003923491907797934,スナップオン,true,true,true,true,true,true,false
SNDK,Sandisk,Information Technology,"Technology Hardware, Storage & Peripherals",SNDK,NASDAQ,0.012789975892483383,サンディスク,true,true,true,true,true,true,false
SNPS,Synopsys,Information Technology,Application Software,SNPS,NASDAQ,-0.001991228512375915,シノプシス,true,true,true,true,true,true,true
SO,Southern Company,Utilities,Electric Utilities,SO,NYSE,0.005260986177016765,サザン,true,true,true,true,true,true,true
SOLV,Solventum,Health Care,Health Care Technology,SOLV,NYSE,-0.01212121212121203,ソルベンタム,true,true,true,true,true,true,false
SPG,Simon Property Group,Real Estate,Retail REITs,SPG,NYSE,0.0030836301770428205,,false,false,false,false,false,false,false
SPGI,S&P Global,Financials,Financial Exchanges & Data,SPGI,NYSE,0.01408848225415718,S&P グローバル,true,true,true,true,true,true,true
SRE,Sempra,Utilities,Multi-Utilities,SRE,NYSE,0.018375936762139475,センプラ・エナジー,true,true,true,true,true,true,false
STE,Steris,Health Care,Health Care Equipment,STE,NYSE,-0.0055924343002636615,ステリス,true,true,true,true,true,true,false
STLD,Steel Dynamics,Materials,Steel,STLD,NASDAQ,-0.014492753623188437,スチール・ダイナミクス,true,true,true,true,true,true,false
STT,State Street Corporation,Financials,Asset Management & Custody Banks,STT,NYSE,0.004288499025341219,ステート・ストリート,true,true,true,true,true,true,false
STX,Seagate Technology,Information Technology,"Technology Hardware, Storage & Peripherals",STX,NASDAQ,0.014747589336358502,シーゲイト・テクノロジー・ホールディングス,true,true,true,true,true,true,true
STZ,Constellation Brands,Consumer Staples,Distillers & Vintners,STZ,NYSE,0.0007280428883445974,コンステレーション･ブランズ クラスA,true,true,true,true,true,true,false
SW,Smurfit Westrock,Materials,Paper & Plastic Packaging Products & Materials,SW,NYSE,-0.020931971093944762,スマーフィット・ウエストロックPLC,true,true,true,true,true,true,false
SWK,Stanley Black & Decker,Industrials,Industrial Machinery & Supplies & Components,SWK,NYSE,-0.035548686244204035,スタンレー・ブラック・アンド・デッカー,true,true,true,true,true,true,false
SWKS,Skyworks Solutions,Information Technology,Semiconductors,SWKS,NASDAQ,0.03701615933859449,スカイワークス・ソリューションズ,true,true,true,true,true,true,false
SYF,Synchrony Financial,Financials,Consumer Finance,SYF,NYSE,0.0014637002341921625,シンクロニー・フィナンシャル,true,true,true,true,true,true,false
SYK,Stryker Corporation,Health Care,Health Care Equipment,SYK,NYSE,0.0064966605950213824,ストライカー,true,true,true,true,true,true,true
SYY,Sysco,Consumer Staples,Food Distributors,SYY,NYSE,-0.006561496579645385,シスコ,true,true,true,true,true,true,false
T,AT&T,Communication Services,Integrated Telecommunication Services,T,NYSE,0.0007064641469445276,エーティー・アンド・ティー,true,true,true,true,true,true,true
TAP,Molson Coors Beverage Company,Consumer Staples,Brewers,TAP,NYSE,0.026573426573426588,モルソン・クアーズ・ビバレッジ,true,true,true,true,true,true,false
TDG,TransDigm Group,Industrials,Aerospace & Defense,TDG,NYSE,-0.005344038456621222,トランスダイム・グループ,true,true,true,true,true,true,false
TDY,Teledyne Technologies,Information Technology,Electronic Equipment & Instruments,TDY,NYSE,0.008349919899024172,テレダイン･テクノロジーズ,true,true,true,true,true,true,false
TECH,Bio-Techne,Health Care,Life Sciences Tools & Services,TECH,NASDAQ,-0.006544502617800941,テクネ,true,true,true,true,true,true,false
TEL,TE Connectivity,Information Technology,Electronic Manufacturing Services,TEL,NYSE,-0.012283271129588484,TEコネクティビティ・PLC,true,true,true,true,true,true,false
TER,Teradyne,Information Technology,Semiconductor Materials & Equipment,TER,NASDAQ,-0.008295964125560459,テラダイン,true,true,true,true,true,true,false
TFC,Truist Financial,Financials,Diversified Banks,TFC,NYSE,0.009633911368015323,トゥルーイスト・フィナンシャル,true,true,true,true,true,true,false
TGT,Target Corporation,Consumer Staples,Consumer Staples Merchandise Retail,TGT,NYSE,0.0,ターゲット,true,true,true,true,true,true,true
TJX,TJX Companies,Consumer Discretionary,Apparel Retail,TJX,NYSE,-0.004567055483552485,ティージェイエックス・カンパニーズ,true,true,true,true,true,true,true
TKO,TKO Group Holdings,Communication Services,Movies & Entertainment,TKO,NYSE,0.013378425423981688,TKO・グループ・ホールディングス,true,true,true,true,true,true,false
TMO,Thermo Fisher Scientific,Health Care,Life Sciences Tools & Services,TMO,NYSE,-0.006228009867755977,サーモ・フィッシャーサイエンティフィック,true,true,true,true,true,true,true
TMUS,T-Mobile US,Communication Services,Wireless Telecommunication Services,TMUS,NASDAQ,-0.013953488372092995,Ｔモバイル,true,true,true,true,true,true,true
TPL,Texas Pacific Land Corporation,Energy,Oil & Gas Exploration & Production,TPL,NYSE,0.01147540983606562,テキサス・パシフィック・ランド・コーポ,true,true,true,true,true,false,false
TPR,"Tapestry, Inc.",Consumer Discretionary,"Apparel, Accessories & Luxury Goods",TPR,NYSE,-0.021821960512642923,タペストリー,true,true,true,true,true,true,true
TRGP,Targa Resources,Energy,Oil & Gas Storage & Transportation,TRGP,NYSE,-0.0016340536786633674,タルガ・リソーシズ,true,true,true,true,true,true,false
TRMB,Trimble Inc.,Information Technology,Electronic Equipment & Instruments,TRMB,NASDAQ,0.0006146281499693647,トリンブル,true,true,true,true,true,true,false
TROW,T. Rowe Price,Financials,Asset Management & Custody Banks,TROW,NASDAQ,0.003338155112940883,ティー・ロウ・プライス・グループ,true,true,true,true,true,true,false
TRV,Travelers Companies (The),Financials,Property & Casualty Insurance,TRV,NYSE,0.011909269266513051,トラベラーズ･カンパニーズ,true,true,true,true,true,true,true
TSCO,Tractor Supply,Consumer Discretionary,Other Specialty Retail,TSCO,NASDAQ,-0.01594430720862342,トラクター・サプライ・カンパニー,true,true,true,true,true,true,false
TSLA,"Tesla, Inc.",Consumer Discretionary,Automobile Manufacturers,TSLA,NASDAQ,-0.054214971410585996,テスラ,true,true,true,true,true,true,true
TSN,Tyson Foods,Consumer Staples,Packaged Foods & Meats,TSN,NYSE,0.005132192846034189,タイソン・フーズ クラスA,true,true,true,true,true,true,false
TT,Trane Technologies,Industrials,Building Products,TT,NYSE,-0.0024991825103937806,トレイン・テクノロジーズ,true,true,true,true,true,true,true
TTD,Trade Desk (The),Communication Services,Advertising,TTD,NASDAQ,0.003184713375796191,トレード・デスク　クラスA,true,true,true,true,true,true,true
TTWO,Take-Two Interactive,Communication Services,Interactive Home Entertainment,TTWO,NASDAQ,0.008425832492431968,テイクツー・インタラクティブ・ソフトウェア,true,true,true,true,true,true,false
TXN,Texas Instruments,Information Technology,Semiconductors,TXN,NASDAQ,-0.007284768211920564,テキサス・インストゥルメンツ,true,true,true,true,true,true,true
TXT,Textron,Industrials,Aerospace & Defense,TXT,NYSE,-0.009672702733100882,テクストロン,true,true,true,true,true,true,false
TYL,Tyler Technologies,Information Technology,Application Software,TYL,NYSE,0.013613601607244485,タイラー・テクノロジーズ,true,true,true,true,true,true,false
UAL,United Airlines Holdings,Industrials,Passenger Airlines,UAL,NASDAQ,-0.030185107278081665,ユナイテッド・エアラインズ・ホールディングス,true,true,true,true,true,true,true
UBER,Uber,Industrials,Passenger Ground Transportation,UBER,NYSE,0.0018128573420723704,ウーバー・テクノロジーズ,true,true,true,true,true,true,true
UDR,"UDR, Inc.",Real Estate,Multi-Family Residential REITs,UDR,NYSE,0.011682242990654164,,false,false,false,false,false,false,false
UHS,Universal Health Services,Health Care,Health Care Facilities,UHS,NYSE,-0.0069686411149826296,ユニバーサル・ヘルス・サービシズ クラスB,true,true,true,true,true,true,false
ULTA,Ulta Beauty,Consumer Discretionary,Other Specialty Retail,ULTA,NASDAQ,0.0014535696315759541,アルタ,true,true,true,true,true,true,true
UNH,UnitedHealth Group,Health Care,Managed Health Care,UNH,NYSE,0.011971676764727253,ユナイテッドヘルス・グループ,true,true,true,true,true,true,true
UNP,Union Pacific Corporation,Industrials,Rail Transportation,UNP,NYSE,0.00653998025666339,ユニオン・パシフィック,true,true,true,true,true,true,true
UPS,United Parcel Service,Industrials,Air Freight & Logistics,UPS,NYSE,0.002757634562353286,ユナイテッド･パーセル･サービス クラスB,true,true,true,true,true,true,true
URI,United Rentals,Industrials,Trading Companies & Distributors,URI,NYSE,0.0007518385870903413,ユナイテッド・レンタルズ,true,true,true,true,true,true,true
USB,U.S. Bancorp,Financials,Diversified Banks,USB,NYSE,0.00379146919431285,ユー・エス・バンコープ,true,true,true,true,true,true,true
V,Visa Inc.,Financials,Transaction & Payment Processing Services,V,NYSE,0.0076714347928043295,ビザ クラスA,true,true,true,true,true,true,true
VICI,Vici Properties,Real Estate,Hotel & Resort REITs,VICI,NYSE,0.00728332119446465,,false,false,false,false,false,false,false
VLO,Valero Energy,Energy,Oil & Gas Refining & Marketing,VLO,NYSE,0.010892073221237452,バレロ・エナジー,true,true,true,true,true,true,true
VLTO,Veralto,Industrials,Environmental & Facilities Services,VLTO,NYSE,-0.000567794685441712,ヴェラルト,true,true,true,true,true,true,false
VMC,Vulcan Materials Company,Materials,Construction Materials,VMC,NYSE,-0.0008924427944168779,バルカン・マテリアルズ,true,true,true,true,true,true,false
VRSK,Verisk Analytics,Industrials,Research & Consulting Services,VRSK,NASDAQ,0.00861035422343331,ベリスク・アナリティックス,true,true,true,true,true,true,false
VRSN,Verisign,Information Technology,Internet Services & Infrastructure,VRSN,NASDAQ,0.03620847788810468,ベリサイン,true,true,true,true,true,true,false
VRT,Vertiv,Industrials,Electrical Components & Equipment,VRT,NYSE,0.007402552338358391,バーティブ・ホールディングス,true,true,true,true,true,true,false
VRTX,Vertex Pharmaceuticals,Health Care,Biotechnology,VRTX,NASDAQ,-0.019116397621070542,バーテックス・ファーマシューティカルズ,true,true,true,true,true,true,true
VST,Vistra Corp.,Utilities,Electric Utilities,VST,NYSE,-0.018056638087815022,ビストラ・エナジー,true,true,true,true,true,true,true
VTR,Ventas,Real Estate,Health Care REITs,VTR,NYSE,0.015363980002438615,,false,false,false,false,false,false,false
VTRS,Viatris,Health Care,Pharmaceuticals,VTRS,NASDAQ,-0.013939838591342719,ビアトリス,true,true,true,true,true,true,false
VZ,Verizon,Communication Services,Integrated Telecommunication Services,VZ,NYSE,0.0002024701356549506,ベライゾン・コミュニケーションズ,true,true,true,true,true,true,true
WAB,Wabtec,Industrials,Construction Machinery & Heavy Transportation Equipment,WAB,NYSE,-0.008280279654727869,ワブテック,true,true,true,true,true,true,false
WAT,Waters Corporation,Health Care,Life Sciences Tools & Services,WAT,NYSE,0.014505318616826246,ウォーターズ,true,true,true,true,true,true,false
WBD,Warner Bros. Discovery,Communication Services,Broadcasting,WBD,NASDAQ,-0.006184066933430272,ワーナーブラザース・ディスカバリー・インク,true,true,true,true,true,true,false
WDAY,"Workday, Inc.",Information Technology,Application Software,WDAY,NASDAQ,0.02487407981402541,ワークデイ クラスA,true,true,true,true,true,true,true
WDC,Western Digital,Information Technology,"Technology Hardware, Storage & Peripherals",WDC,NASDAQ,-0.009270144090283112,ウェスタン・デジタル,true,true,true,true,true,true,true
WEC,WEC Energy Group,Utilities,Electric Utilities,WEC,NYSE,0.012137384867005222,ウィスコンシン・エナジー,true,true,true,true,true,true,false
WELL,Welltower,Real Estate,Health Care REITs,WELL,NYSE,0.017449461933018197,,false,false,false,false,false,false,false
WFC,Wells Fargo,Financials,Diversified Banks,WFC,NYSE,0.0003723470274295785,ウェルズ・ファーゴ,true,true,true,true,true,true,true
WM,Waste Management,Industrials,Environmental & Facilities Services,WM,NYSE,0.01913419913419908,ウェースト・マネジメント,true,true,true,true,true,true,false
WMB,Williams Companies,Energy,Oil & Gas Storage & Transportation,WMB,NYSE,0.0023666991507726816,ウィリアムズ・カンパニーズ,true,true,true,true,true,true,true
WMT,Walmart,Consumer Staples,Consumer Staples Merchandise Retail,WMT,NASDAQ,0.00841750841750851,ウォルマート,true,true,true,true,true,true,true
WRB,W. R. Berkley Corporation,Financials,Property & Casualty Insurance,WRB,NYSE,0.010876225490195983,ダブリューアール・バークレー,true,true,true,true,true,true,false
WSM,"Williams-Sonoma, Inc.",Consumer Discretionary,Homefurnishing Retail,WSM,NYSE,-0.0011088318456507016,ウィリアムズソノマ,true,true,true,true,true,true,false
WST,West Pharmaceutical Services,Health Care,Health Care Supplies,WST,NYSE,0.008150668671361883,ウェスト・ファーマシューティカル・サービシズ,true,true,true,true,true,true,false
WTW,Willis Towers Watson,Financials,Insurance Brokers,WTW,NASDAQ,0.003860466733906075,ウィリス・タワーズ・ワトソン・パブリック,true,true,true,true,true,true,false
WY,Weyerhaeuser,Real Estate,Timber REITs,WY,NYSE,0.009504132231404977,,false,false,false,false,false,false,false
WYNN,Wynn Resorts,Consumer Discretionary,Casinos & Gaming,WYNN,NASDAQ,-0.005555555555555489,ウィン・リゾーツ,true,true,true,true,true,true,false
XEL,Xcel Energy,Utilities,Multi-Utilities,XEL,NASDAQ,0.01292184167607579,エクセル・エナジー,true,true,true,true,true,true,false
XOM,ExxonMobil,Energy,Integrated Oil & Gas,XOM,NYSE,-0.0005597711158104454,エクソン・モービル,true,true,true,true,true,true,true
XYL,Xylem Inc.,Industrials,Industrial Machinery & Supplies & Components,XYL,NYSE,-0.009960809928151525,ザイレム,true,true,true,true,true,true,false
XYZ,"Block, Inc.",Financials,Transaction & Payment Processing Services,XYZ,NYSE,0.004030903594222405,ブロック,true,true,true,true,true,true,true
YUM,Yum! Brands,Consumer Discretionary,Restaurants,YUM,NYSE,0.015549772283669583,ヤム・ブランズ,true,true,true,true,true,true,true
ZBH,Zimmer Biomet,Health Care,Health Care Equipment,ZBH,NYSE,-0.0015379545204877575,ジンマー・バイオメット・ホールディングス,true,true,true,true,true,true,false
ZBRA,Zebra Technologies,Information Technology,Electronic Equipment & Instruments,ZBRA,NASDAQ,-0.021444423002701628,ゼブラ・テクノロジーズ クラスA,true,true,true,true,true,true,false
ZTS,Zoetis,Health Care,Pharmaceuticals,ZTS,NYSE,0.005541819421945532,ゾエティス,true,true,true,true,true,true,true
