code,name,detail,market,collateral
YSWY,イエスウェイ,米国のコンビニエンスストア運営会社,NASDAQ,
TRAX,ファースト　トラックス　バイオセラピューティクス,米国の臨床段階のバイオテクノロジー会社,NASDAQ,
VGNT,ヴァーシジェント,スイスの電気配電システム事業会社,NYSE,
FSUN,ファーストサン　キャピタル　バンコープ,米国の金融持株会社,NASDAQ,
HMH,ＨＭＨ　ホールディング,石油・ガス掘削機器を提供する米国の会社,NASDAQ,
MMED,ミニメッド　グループ,米国の医療技術会社,NASDAQ,
AGBK,ＡＧＩ,ブラジルの専門金融サービス会社,NYSE,
MWH,ソルブ　エナジー,米国のインフラサービス提供会社,NASDAQ,
APC,アルコ　ペトロリアム,米国の燃料卸売業者,NASDAQ,
OFRM,ワンス　アポン　ア　ファーム,米国のパブリック・ベネフィット・コーポレーション,NYSE,
EIKN,アイコン　セラピューティクス,米国の臨床段階のバイオ医薬品会社,NASDAQ,
BOBS,ボブズ　ディスカウント　ファニチャー,米国のオムニチャネル・ホームファニチャー小売業者,NYSE,
FPS,フォージェント　パワー　ソリューションズ,配電設備を設計・製造する米国の会社,NYSE,
AZN,アストラゼネカ,英国のバイオ医薬品会社,NYSE,○
ALAB,アステラ　ラブス,半導体ベース接続ソリューションを提供する米国の会社,NASDAQ,
LIFE,エートス　テクノロジーズ,保険テクノロジープラットフォームを提供する米国企業,NASDAQ,
PICS,ピックス,デジタル決済ソリューションを提供するブラジルの会社,NASDAQ,
YSS,ヨーク　スペース　システムズ,米国の宇宙防衛関連プログラム請負業者,NYSE,
EQPT,エクイプメントシェア　ドットコム,建設機器レンタルプラットフォームを提供する米国企業,NASDAQ,
BTGO,ビットゴー　ホールディングス,米国のデジタル資産インフラ企業,NYSE,
COMP,コンパス,不動産業界向けプラットフォームを提供する米国の会社,NYSE,
VSNT,バーサント　メディア　グループ,米国のメディア・エンターテインメント企業,NASDAQ,
MDLN,メドライン,米国の医療機器・外科製品メーカー,NASDAQ,
WLTH,ウェルスフロント,金融ソリューションプラットフォームを提供する米国企業,NASDAQ,○
LMRI,ルメクサ　イメージング　ホールディングス,医療診断用画像サービスを提供する米国の会社,NASDAQ,○
CDNL,カーディナル　インフラストラクチャー　グループ,インフラサービスを提供する米国の会社,NASDAQ,○
MICC,マグナム　アイスクリーム　カンパニー,オランダのアイスクリームメーカー,NYSE,○
CBC,セントラル　バンカンパニー,ミズーリ州などで業務を行う米国の銀行持株会社,NASDAQ,○
CANG,カンゴ,自動車取引プラットフォームを提供する中国の会社,NYSE,
BLLN,ビリオントゥーワン,分子診断技術を開発・提供する米国の会社,NASDAQ,○
Q,キューニティ　エレクトロニクス,半導体技術とインターコネクト製品を提供する米国企業,NYSE,○
SOLS,ソルスティス　アドバンスト　マテリアルズ,米国の先端材料企業,NASDAQ,○
PTRN,パターン　グループ,米国のECアクセラレーションプラットフォーム提供会社,NASDAQ,○
NTSK,ネットスコープ,米国のクラウドネイティブプラットフォーム提供会社,NASDAQ,○
STUB,スタブハブ　ホールディングス,米国のセカンダリーチケットオンライン市場運営会社,NYSE,○
CRCL,サークル　インターネット　グループ,米国のステーブルコイン会社,NYSE,○
VIA,ヴィア　トランスポーテーション,オンデマンドシェアライドを提供する米国の会社,NYSE,○
LGN,レジェンス,施設のエンジニアリング・設置・保守を行う米国の会社,NASDAQ,○
GEMI,ジェミニ　スペース　ステーション,暗号資産プラットフォームを提供する米国の会社,NASDAQ,○
BRCB,ブラック　ロック　コーヒー　バー,ドライブスルー・コーヒーバーを運営する米国の会社,NASDAQ,○
KLAR,クラーナ　グループ,決済および広告ソリューションを提供する英国の会社,NYSE,○
FIGR,フィギュア　テクノロジー　ソリューションズ,金融テクノロジープラットフォームを提供する米国企業,NASDAQ,○
A,アジレント　テクノロジーズ,分析および臨床検査技術・機器を提供する米国の会社,NYSE,○
AA,アルコア,米国のボーキサイト採掘・アルミニウム精製会社,NYSE,○
AAL,アメリカン　エアラインズ　グループ,米国の航空会社,NASDAQ,○
AAMI,アカディアン　アセット　マネジメント,米国の資産運用会社,NYSE,○
AAON,エーオン,冷暖房設備を扱う米国のメーカー,NASDAQ,○
AAP,アドバンス　オート　パーツ,米国の自動車関連製品販売会社,NYSE,○
AAPL,アップル,PC・モバイル機器を販売する米国の会社,NASDAQ,○
AATC,オートスコープ　テクノロジーズ,米国の道路交通映像検出・レーダ探知装置開発・販売会社,OTC,
ABBV,アッヴィ,米国の研究開発型バイオ医薬品会社,NYSE,○
ABCB,アメリス　バンコープ,主にジョージア州で業務を行う米国の銀行持株会社,NYSE,○
ABG,アズベリー　オートモーティブ　グループ,米国のフランチャイズ自動車小売業者,NYSE,○
ABM,ＡＢＭ　インダストリーズ,米国の総合施設管理サービス会社,NYSE,○
ABNB,エアビーアンドビー,旅行予約サイトを運営する米国の会社,NASDAQ,○
ABT,アボット　ラボラトリーズ,ヘルスケア製品を提供する米国のメーカー,NYSE,○
ABUS,アルブータス　バイオファーマ,米国の臨床段階のバイオ医薬品会社,NASDAQ,
ACA,アルコサ,インフラ関連製品を製造・販売する米国の会社,NYSE,○
ACGL,アーチ　キャピタル　グループ,バミューダ諸島の保険持株会社,NASDAQ,○
ACHC,アカディア　ヘルスケア,米国の医療施設運営会社,NASDAQ,○
ACHV,アチーヴ　ライフ　サイエンシズ,米国の臨床段階のバイオ医薬品会社,NASDAQ,
ACI,アルバートソンズ　カンパニー,米国の食品および医薬品小売業者,NYSE,○
ACLS,アクセリス　テクノロジーズ,IC製造用イオン注入装置を製造・販売する米国の会社,NASDAQ,○
ACM,エイコム,米国のインフラコンサルティングサービス会社,NYSE,○
ACN,アクセンチュア　Ａ,アイルランドのコンサルティングサービス会社,NYSE,○
ACTG,アカシア　リサーチ,事業の買収と運営に注力する米国の会社,NASDAQ,
AD,アレイ　デジタル　インフラストラクチャー,米国の共有無線通信インフラ所有・運営会社,NYSE,○
ADBE,アドビ,米国のソフトウェア会社,NASDAQ,○
ADI,アナログ　デバイセズ,広範な集積回路の設計・製造・販売を行う米国のメーカー,NASDAQ,○
ADIL,エーダイヤル　ファーマシューティカルズ,米国の臨床段階のバイオ医薬品会社,NASDAQ,
ADM,アーチャー　ダニエルズ　ミッドランド,米国の農産物加工・食品原料メーカー,NYSE,○
ADNT,アディエント,アイルランドの自動車シートメーカー,NYSE,○
ADP,オートマチック　データ　プロセシング,人材管理ソリューションを提供する米国の会社,NASDAQ,○
ADSK,オートデスク,製品開発・製造ソフトウェアを提供する米国の会社,NASDAQ,○
ADT,ＡＤＴ,米国のセキュリティサービス会社,NYSE,○
AEBI,エービ　シュミット　ホールディング,インフラ整備や耕作向けの特殊車両メーカー,NASDAQ,○
AEE,アメレン,米国の電力・ガス事業を手掛ける公益持株会社,NYSE,○
AEHR,エア　テスト　システムズ,半導体デバイスのテストシステムを提供する米国の会社,NASDAQ,○
AEIS,アドバンスド　エナジー　インダストリーズ,電力変換・制御ソリューションを提供する米国の会社,NASDAQ,○
AEM,アグニコ　イーグル　マインズ,カナダの金生産会社,NYSE,○
AEP,アメリカン　エレクトリック　パワー,米国の電気公共事業持株会社,NASDAQ,○
AER,エアキャップ　ホールディングス,アイルランドの航空機リース会社,NYSE,○
AES,ＡＥＳ,米国の発電・公益事業会社,NYSE,○
AEYE,オーディオアイ,SaaSベースのソリューションを提供する米国の会社,NASDAQ,○
AFG,アメリカン　ファイナンシャル　グループ,米国の保険持株会社,NYSE,○
AFL,アフラック,米国の生命保険会社,NYSE,○
AFRM,アファーム　ホールデイングス,決済ソリューションを提供する米国の会社,NASDAQ,○
AG,ファースト　マジェスティック　シルバー,鉱物の生産・開発・探査・取得に携わるカナダの会社,NYSE,○
AGCO,アグコ,農業機械・精密農業技術を開発・製造する米国の会社,NYSE,○
AGEN,アジェナス,米国の臨床段階のバイオテクノロジー会社,NASDAQ,
RYM,リズム,大麻産業向けブランドソリューション開発する米国企業,NASDAQ,○
AGIO,アジオス　ファーマシューティカルズ,米国のバイオ医薬品会社,NASDAQ,○
AGL,アジロン　ヘルス,メディケアのプラットフォームを提供する米国の会社,NYSE,
AGO,アシュアド　ギャランティ,信用保証・資産運用業務を行うバミューダ諸島の会社,NYSE,○
AGX,アルガン,米国のエネルギー関連の建設・その他サービス会社,NYSE,○
AI,Ｃ３　ａｉ,AIアプリケーションソフトウェアを提供する米国の会社,NYSE,○
AIFU,ＡＩＦＵ,中国の金融サービスプロバイダー,NASDAQ,
AIG,アメリカン　インターナショナル　グループ,米国の保険持株会社,NYSE,○
AIN,アルバニー　インターナショナル,米国の高性能エンジニアードファブリック・材料加工会社,NYSE,○
AIR,ＡＡＲ,製品とサービスを提供する米国の会社,NYSE,○
AIRT,エアー　Ｔ,配送サービスと関連機器を扱う米国の航空持株会社,NASDAQ,○
AIT,アプライド　インダストリアル　テクノロジーズ,産業用製品の販売・サービスを行う米国の会社,NYSE,○
AIZ,アシュラント,米国の特殊保険会社,NYSE,○
AJG,アーサー　Ｊ　ギャラガー,米国の保険ブローカー,NYSE,○
AKAM,アカマイ　テクノロジーズ,米国のクラウドコンピューティングソリューション会社,NASDAQ,○
ALB,アルベマール,米国の特殊化学製品メーカー,NYSE,○
ALC,アルコン,スイスの眼科医療製品メーカー,NYSE,○
ALEC,アレクター,米国の臨床段階のバイオ医薬品会社,NASDAQ,
ALGM,アレグロ　マイクロシステムズ,半導体デバイスを開発・提供する米国の会社,NASDAQ,○
ALGN,アライン　テクノロジー,米国の歯科医療機器メーカー,NASDAQ,○
ALK,アラスカ　エア　グループ,米国の民間航空会社,NYSE,○
ALKS,アルカームス,アイルランドのバイオ医薬品会社,NASDAQ,○
ALL,オールステート,米国の保険持株会社,NYSE,○
ALLE,アレジオン,セキュリティ関連サービスを提供するアイルランド企業,NYSE,○
ALLY,アライ　ファイナンシャル,米国のデジタル金融サービス会社,NYSE,○
ALNY,アルナイラム　ファーマシューティカルズ,米国のバイオ医薬品会社,NASDAQ,○
ALOT,アストロノヴァ,データ可視化技術を提供する米国の会社,NASDAQ,○
ALRM,アラーム　ドットコム　ホールディングス,不動産の管理ソリューションを提供する米国の会社,NASDAQ,○
ALSN,アリソン　トランスミッション　ホールディングス,米国の車両用完全自動変速機メーカー,NYSE,○
ALV,オートリブ,スウェーデンの自動車部品メーカー,NYSE,○
ALXO,ＡＬＸ　オンコロジー　ホールディングス,米国の臨床段階のバイオテクノロジー会社,NASDAQ,
AMAT,アプライド　マテリアルズ,半導体製造装置を製造する米国の会社,NASDAQ,○
AMBA,アンバレラ,SoC半導体とソフトウェアを開発する米国の会社,NASDAQ,○
AMC,ＡＭＣ　エンターテインメント　ホールディングス,映画館を所有・運営する米国の会社,NYSE,
AMCR,アムコア,包装ソリューションを開発・製造する英国の会社,NYSE,○
AMCX,ＡＭＣ　グローバル　メディア,米国のエンターテインメント持株会社,NASDAQ,○
AMD,アドバンスト　マイクロ　デバイシズ,米国の半導体メーカー,NASDAQ,○
AME,アメテック,米国の電子計器・電子機械装置メーカー,NYSE,○
AMG,アフィリエーテッド　マネジャーズ　グループ,米国の投資運用会社,NYSE,○
AMGN,アムジェン,米国のバイオテクノロジー会社,NASDAQ,○
AMKR,アムコー　テクノロジー,半導体パッケージング・検査業務を行う米国の会社,NASDAQ,○
AMN,ＡＭＮ　ヘルスケア　サービシズ,医療機関向け人材ソリューションを提供する米国の会社,NYSE,○
AMP,アメリプライズ　ファイナンシャル,米国の金融サービス持株会社,NYSE,○
AMPH,アンファスター　ファーマシューティカルズ,米国のバイオ医薬品会社,NASDAQ,○
AMR,アルファ　メタラジカル　リソーシズ,米国の鉱業会社,NYSE,○
AMRC,アメレスコ,エネルギー関連サービスを提供する米国の会社,NYSE,○
GOLD,ゴールドドットコム,米国の貴金属・収集品の卸売・小売業者,NYSE,○
AMSF,アメリセーフ,労働者災害補償保険を取り扱う米国の保険持株会社,NASDAQ,○
AMTB,アメラント　バンコープ,主にフロリダ州において業務を行う米国の金融持株会社,NYSE,○
AMTM,アメンタム　ホールディングス,米国の先進エンジニアリング・技術関連サービス会社,NYSE,○
AMTX,アメティス,米国の再生可能天然ガス・再生可能燃料会社,NASDAQ,
AMWD,アメリカン　ウッドマーク,米国のキャビネットメーカー,NASDAQ,○
AMWL,アメリカン　ウェル,デジタル遠隔医療プラットフォームを提供する米国の会社,NYSE,
AMZN,アマゾン　ドット　コム,米国のオンライン小売とテクノロジーサービスの会社,NASDAQ,○
AN,オートネーション,米国の自動車販売店,NYSE,○
ANAB,アナプティスバイオ,米国の医薬品ロイヤルティ管理会社,NASDAQ,○
ANDE,アンダーソンズ,米国のアグリビジネス・再生可能エネルギー事業会社,NASDAQ,○
ANET,アリスタ　ネットワークス,米国のクラウドネットワーク製品開発・販売会社,NYSE,○
ANIX,アニーシャ　バイオサイエンシズ,米国のバイオテクノロジー会社,NASDAQ,
ANY,スフィア　３Ｄ,米国のビットコインマイニング事業会社,NASDAQ,
AON,エーオン,アイルランドのリスク管理コンサルティング会社,NYSE,○
AOS,Ａ．Ｏ．　スミス,給湯器・ボイラーなどを製造・販売する米国の会社,NYSE,○
AOSL,アルファ　アンド　オメガ　セミコンダクター,パワー半導体を設計・開発するバミューダ諸島の会社,NASDAQ,○
APA,エイピーエイ,天然ガス・原油の探鉱・生産をする米国の会社,NASDAQ,○
APAM,アルチザン　パートナーズ　アセット　マネジメント,米国の投資運用会社,NYSE,○
APD,エアープロダクツ　アンド　ケミカルズ,米国の産業用ガス会社,NYSE,○
APH,アンフェノール　Ａ,米国のコネクタ・接続システム・センサーメーカー,NYSE,○
APLS,アペリス　ファーマシューティカルズ,米国のバイオ医薬品会社,NASDAQ,○
APOG,アポジー　エンタープライジズ,建築物のフレームや高性能ガラスを提供する米国の会社,NASDAQ,○
APP,アップロビン,アプリ収益化のソリューションを提供する米国の会社,NASDAQ,○
APPF,アプフォリオ,不動産管理プラットフォームを提供する米国の会社,NASDAQ,○
APPN,アピアン,米国のソフトウェア会社,NASDAQ,○
APPS,デジタル　タービン,米国のアプリ内モバイル動画広告プラットフォーム会社,NASDAQ,
APTV,アプティブ,スイスの産業技術会社,NYSE,○
APYX,アピックス　メディカル,米国の医療機器メーカー,NASDAQ,
AR,アンテロ　リソーシズ,米国の独立系天然ガス・石油会社,NYSE,○
ARCB,アークベスト,米国の総合物流会社,NASDAQ,○
ARCT,アークトゥルス　セラピューティクス,米国のバイオ医薬品会社,NASDAQ,○
ARES,アレス　マネジメント,個人・機関投資家向け資産運用を行う米国の会社,NYSE,○
ARL,アメリカン　リアルティ　インベスターズ,米国の完全統合型の外部管理不動産会社,NYSE,○
ARMK,アラマーク,食事と施設の管理サービスを提供する米国の会社,NYSE,○
ARQT,アーキュティス　バイオセラピューティクス,皮膚疾患の治療薬を開発・提供する米国のバイオ医薬品会社,NASDAQ,○
ARRY,アレイ　テクノロジーズ,太陽光追尾装置を提供する米国の会社,NASDAQ,○
ARVN,アルヴィナス,米国の臨床段階のバイオ医薬品会社,NASDAQ,○
ARW,アロー　エレクトロニクス,電子部品・ソリューションを提供する米国の会社,NYSE,○
ARWR,アローヘッド　ファーマシューティカルズ,米国のバイオ医薬品会社,NASDAQ,○
ASAN,アサナ,業務管理プラットフォームを提供する米国の会社,NYSE,○
ASB,アソシエーテッド　バンコープ,米国の銀行持株会社,NYSE,○
ASH,アシュランド,米国の添加剤・特殊成分メーカー,NYSE,○
ASIX,アドバンシックス,米国の総合化学会社,NYSE,○
ASLE,エアセール,民間航空アフターマーケットに焦点を当てる米国の会社,NASDAQ,○
ASO,アカデミー　スポーツ　アンド　アウトドア―ズ,米国のスポーツ・アウトドア用品の小売業者,NASDAQ,○
ASPN,アスペン　エアロジェルズ,エアロゲル材料を設計・開発・製造する米国の会社,NYSE,
ASPS,アルティソース　ポートフォリオ　ソリューションズ,不動産関連サービスを提供するルクセンブルグの会社,NASDAQ,○
ASTE,アステック　インダストリーズ,インフラ関連の重機を扱う米国のメーカー,NASDAQ,○
ASTH,アストラナ　ヘルス,米国のヘルスケア会社,NASDAQ,○
ASTS,ＡＳＴ　スペースモバイル,革新的な衛星を設計・製造する米国の電気通信事業者,NASDAQ,○
ASYS,アムテック　システムズ,熱処理装置・ウェハ洗浄装置などを扱う米国のメーカー,NASDAQ,○
ATEN,Ａ１０ネットワークス,ネットワークセキュリティ製品を開発する米国の会社,NYSE,○
CVSA,コビスタ,米国のヘルスケア教育機関,NYSE,○
ATI,ＡＴＩ,特殊素材・部品を扱う米国のメーカー,NYSE,○
ATKR,アトコア,米国の電気製品・インフラ製品メーカー,NYSE,○
ATNM,アクチニウム　ファーマシューティカルズ,米国の臨床段階のバイオ医薬品会社,NYSE American,
ATO,アトモス　エナジー,米国の天然ガス供給会社,NYSE,○
OPTU,オプティマム　コミュニケーションズ,米国のブロードバンド通信プロバイダー,NYSE,
ATYR,アティール　ファーマ,米国の臨床段階のバイオテクノロジー会社,NASDAQ,
AU,アングロゴールド　アシャンティ,英国の鉱業会社,NYSE,○
AUB,アトランティック　ユニオン　バンクシェアーズ,主にバージニア州で業務を行う米国の金融持株会社,NYSE,○
AUDC,オーディオコーズ,イスラエルのユニファイドコミュニケーション関連会社,NASDAQ,○
AUPH,オーリニア　ファーマシューティカルズ,カナダのバイオ医薬品会社,NASDAQ,○
AVAV,エアロバイロンメント,米国の防衛技術プロバイダー,NASDAQ,○
AVD,アメリカン　ヴァンガード,米国の専門製品・農業製品会社,NYSE,
AVGO,ブロードコム,半導体・半導体ベースソリューションに携わる米国企業,NASDAQ,○
AVIR,アテア　ファーマシューティカルズ,米国の臨床段階のバイオ医薬品会社,NASDAQ,
AVNS,アヴァノス　メディカル,米国の医療機器メーカー,NYSE,○
AVNT,アビエント,特殊材料とソリューションを提供する米国の会社,NYSE,○
AVT,アヴネット,電子部品・組込みソリューションを提供する米国の会社,NASDAQ,○
AVTR,アヴァントー,研究に必要な資材及び装置を製造する米国のメーカー,NYSE,○
AVY,エイブリー　デニソン,米国の材料科学・デジタルIDソリューション企業,NYSE,○
AWI,アームストロング　ワールド　インダストリーズ,米国の内外装建築材メーカー,NYSE,○
AWK,アメリカン　ウォーター　ワークス,米国の上下水道事業会社,NYSE,○
AWR,アメリカン　ステイツ　ウォーター,水道・電気サービスを提供する米国の公益事業会社,NYSE,○
AX,アクソス　ファイナンシャル,米国の金融持株会社,NYSE,○
AXON,アクソン　エンタープライズ,公共安全テクノロジーを手掛ける米国の会社,NASDAQ,○
AXP,アメリカン　エキスプレス,決済ソリューションを提供する米国のカード会社,NYSE,○
AXR,アムレップ,ニューメキシコ州で業務を行う米国の不動産会社,NYSE,○
AXS,アクシス　キャピタル　ホールディングス,バミューダ諸島の保険持株会社,NYSE,○
AXSM,アクサム　セラピューティクス,米国のバイオ医薬品会社,NASDAQ,○
AXTA,アクサルタ　コーティング　システムズ,米国の塗装材メーカー,NYSE,○
AYI,アキュイティー,照明・照明制御・ビル管理に関わる米国の産業技術会社,NYSE,○
AZO,オートゾーン,米国の自動車用交換部品・付属品の販売会社,NYSE,○
AZREF,アジューレ　パワー　グローバル,電力サービスを提供するインドの公益事業会社,OTC,
AZTA,アゼンタ,ライフサイエンス事業を行う米国の会社,NASDAQ,○
AZZ,ＡＺＺ,金属塗装ソリューションを提供する米国の会社,NYSE,○
B,バリック　マイニング,金・銅の探査・採掘・生産に従事するカナダの会社,NYSE,○
BA,ボーイング,米国の航空宇宙企業,NYSE,○
BAC,バンク　オブ　アメリカ,米国の金融持株会社,NYSE,○
BAH,ブーズ　アレン　ハミルトン　ホールディング,米国の防衛・安全保障関連の先進テクノロジー企業,NYSE,○
BALL,ボール,米国のアルミニウム製容器メーカー,NYSE,○
BANC,バンク　オブ　カリフォルニア,主にカリフォルニア州で業務を行う米国の銀行持株会社,NYSE,○
BANR,バナー,主にワシントン州において業務を行う米国の金融持株会社,NASDAQ,○
BAX,バクスターインターナショナル,米国の医薬品・医療機器メーカー,NYSE,○
BB,ブラックベリー,カナダのインテリジェントソフトウェア会社,NYSE,
BBIG,ビンコ　ベンチャーズ,デジタルメディアを開発する米国の会社,OTC,
BBIO,ブリッジバイオ　ファーマ,米国のバイオ医薬品会社,NASDAQ,○
BBWI,バス　＆　ボディ　ワークス,ボディケア用品などを扱う米国の会社,NYSE,○
BBY,ベスト　バイ,米国の家電量販店,NYSE,○
BC,ブランズウィック,米国の船舶用エンジン・ボートメーカー,NYSE,○
BCBP,ＢＣＢ　バンコープ,ニュージャージー州において業務を行う米国の金融持株会社,NASDAQ,○
BCC,ボイジー　カスケード,木材加工製品製造・建築資材卸売を手掛ける米国の会社,NYSE,○
BCE,ビーシーイー,カナダのテレコミュニケーション会社,NYSE,○
BCO,ブリンクス,現金・貴重品管理サービスを提供する米国の会社,NYSE,○
BCPC,バルケム,健康補助食品・医薬品用の化学原料を扱う米国のメーカー,NASDAQ,○
BDC,ベルデン,米国のスマートインフラと自動化ソリューション会社,NYSE,○
BDX,ベクトン　ディッキンソン,米国の医療技術会社,NYSE,○
BE,ブルーム　エナジー　Ａ,発電設備を扱う米国のメーカー,NYSE,○
BEEM,ビーム　グローバル,持続可能インフラ製品・技術を開発・製造する米国企業,NASDAQ,
BEN,フランクリン　リソーシズ,米国の投資運用持株会社,NYSE,○
BFH,ブレッド　ファイナンシャル　ホールディングス,米国の金融サービス会社,NYSE,○
BG,ブンゲ　グローバル,スイスの農業関連・食品事業会社,NYSE,○
BGS,Ｂ＆Ｇ　フーズ,貯蔵食品を扱う米国のメーカー,NYSE,
BHC,ボシュ　ヘルス　カンパニーズ,カナダのバイオ医薬品・医療機器会社,NYSE,○
BHE,ベンチマーク　エレクトロニクス,製品製造技術サービスを提供する米国の会社,NYSE,○
BHF,ブライトハウス　ファイナンシャル,年金・生命保険商品を提供する米国の会社,NASDAQ,○
BHRB,バーク　＆　ハーバート　ファイナンシャル　サービシズ,米国の銀行持株会社,NASDAQ,○
BHVN,バイオヘイヴン,米国の臨床段階のバイオ医薬品会社,NYSE,○
BIGGQ,ビッグ　ロッツ,米国のディスカウント小売チェーン,OTC,
BIIB,バイオジェン,米国のバイオ医薬品会社,NASDAQ,○
BILL,ビル　ホールディングス,財務ソフトウェアプラットフォームを提供する米国企業,NYSE,○
BIO,バイオ‐ラッド　ラボラトリーズ　Ａ,米国のライフサイエンス研究・臨床診断用製品メーカー,NYSE,○
BIPC,ブルックフィールド　インフラストラクチャ,インフラ資産を所有・運営する米国の会社,NYSE,○
BJ,ＢＪ’ｓ　ホールセール　クラブ　ホールディングス,会員制倉庫型クラブを展開する米国の会社,NYSE,○
BJRI,ＢＪ’ｓ　レストラン,米国のレストランチェーン運営会社,NASDAQ,○
BK,バンク　オブ　ニューヨーク　メロン,米国の銀行持株会社,NYSE,○
BKE,バックル,カジュアル衣料品の小売店を展開する米国の会社,NYSE,○
BKH,ブラック　ヒルズ,米国のエネルギー公益事業会社,NYSE,○
BKNG,ブッキング　ホールディングス,旅行予約サイトを運営する米国の会社,NASDAQ,○
BKR,ベーカー　ヒューズ,米国のエネルギーテクノロジー企業,NASDAQ,○
BKSY,ブラックスカイ　テクノロジー,リアルタイムの地理空間情報を提供する米国の会社,NYSE,○
BKU,バンクユナイテッド,主にフロリダ州で業務を行う米国の銀行持株会社,NYSE,○
BL,ブラックライン,財務データプラットフォームを提供する米国の会社,NASDAQ,○
BLD,トップビルド,主に断熱材を取り扱う米国の建設資材会社,NYSE,○
BLDP,バラード　パワー　システムズ,燃料電池を扱うカナダのメーカー,NASDAQ,
BLDR,ビルダーズ　ファーストソース,建築用資材を製造販売する米国の会社,NYSE,○
BLIN,ブリッジライン　デジタル,米国のマーケティングテクノロジー会社,NASDAQ,
BLK,ブラックロック,米国の資産運用会社,NYSE,○
BLKB,ブラックボー,AI搭載ソリューションを提供する米国の会社,NASDAQ,○
BLSH,ブリッシュ,ケイマン諸島のデジタル資産プラットフォーム運営会社,NYSE,○
BMBL,バンブル,女性主導のマッチングアプリを運営する米国の会社,NASDAQ,
BMI,バジャー　メーター,包括的な水管理ソリューションを提供する米国の会社,NYSE,○
BMO,バンク　オブ　モントリオール,主に北米でサービスを提供するカナダの銀行,NYSE,○
BMRA,バイオメリカ,米国のバイオメディカルテクノロジー企業,NASDAQ,
BMRC,バンク　オブ　マリン　バンコープ,カリフォルニア州において業務を行う米国の金融持株会社,NASDAQ,○
BMRN,バイオマリン　ファーマシューティカル,米国のバイオテクノロジー会社,NASDAQ,○
BMY,ブリストル－マイヤーズ　スクイブ,米国のバイオ医薬品会社,NYSE,○
BN,ブルックフィールド,カナダの資産運用会社,NYSE,○
BNED,バーンズ　アンド　ノーブル　エデュケーション,教育機関向けの書店を運営する米国の会社,NYSE,○
BNS,バンク　オブ　ノバ　スコシア［ノバ　スコシア銀行］,カナダの金融持株会社,NYSE,○
BOC,ボストン　オマハ,米国の広告・保険・ブロードバンド・資産運用事業会社,NYSE,○
BOH,バンク　オブ　ハワイ,太平洋域で金融サービスを提供する米国の銀行持株会社,NYSE,○
BOKF,ＢＯＫ　ファイナンシャル,オクラホマ州などで業務を行う米国の金融持株会社,NASDAQ,○
BOOT,ブート　バーン　ホールディングス,米国のウエスタンブーツ・アパレルの小売チェーン,NYSE,○
BOX,ボックス,米国のクラウドコンテンツ管理プラットフォーム会社,NYSE,○
BPOP,ポピュラー,主にプエルトリコで業務を行う米国の金融持株会社,NASDAQ,○
BR,ブロードリッジ　ファイナンシャル　ソリューションズ,米国の金融テクノロジーサービス会社,NYSE,○
BRBR,ベルリング　ブランズ,米国の栄養食品メーカー,NYSE,○
BRC,ブレイディ,米国の識別・安全確認用製品メーカー,NYSE,○
BRK.B,バークシャー　ハサウェイ　Ｂ,保険・公益・鉄道などの事業を展開する米国の持株会社,NYSE,○
BRKR,ブルカー,生命科学・診断ソリューションを提供する米国の会社,NASDAQ,○
BRO,ブラウン　＆　ブラウン,米国の保険代理店,NYSE,○
BROS,ダッチ　ブロス,ドライブスルー形式でドリンクを販売する米国の会社,NYSE,○
BRSL,ブライトスター　ロトリー,英国の宝くじ事業会社,NYSE,○
BRZE,ブレイズ,米国の顧客エンゲージメント関連のソフトウェア会社,NASDAQ,○
BSVN,バンク７,主にオクラホマ州において業務を行う米国の金融持株会社,NASDAQ,○
BSX,ボストン　サイエンティフィック,米国の医療機器メーカー,NYSE,○
BSY,ベントレー　システムズ,インフラ向けソフトウェアを提供する米国の会社,NASDAQ,○
BTBT,ビット　デジタル,米国のHPCインフラ・デジタル資産生成事業会社,NASDAQ,
BTU,ピーボディ　エナジー,米国の冶金用および火力用石炭生産会社,NYSE,○
BURL,バーリントン　ストアーズ,米国のファッション関連商品のオフプライス小売業者,NYSE,○
BUSE,ファースト　ビューシー,主にイリノイ州で業務を行う米国の金融持株会社,NASDAQ,○
BWA,ボルグワーナー,米国の自動車テクノロジーソリューション提供会社,NYSE,○
BWIN,ボールドウィン　インシュアランス　グループ,米国の保険販売会社,NASDAQ,○
BWXT,ＢＷＸ　テクノロジーズ,原子力関連製品を開発する米国の機械メーカー,NYSE,○
BX,ブラックストーン,米国のオルタナティブ資産運用会社,NYSE,○
BXC,ブルーリンクス　ホールディングス,住宅・商業建築資材を卸売りする米国の会社,NYSE,○
BYD,ボイド　ゲーミング,ゲームエンターテインメント施設を運営する米国の会社,NYSE,○
BYFC,ブロードウェイ　ファイナンシャル,カリフォルニア州等で業務を行う米国の銀行持株会社,NASDAQ,○
BYND,ビヨンド・ミート,植物由来の人工肉を開発・製造・販売する米国の会社,NASDAQ,
BBBY,ベッド　バス　＆　ビヨンド,米国のeコマースを中心とした小売事業者,NYSE,○
BYSI,ビヨンドスプリング,米国の臨床段階のバイオ医薬品会社,NASDAQ,
C,シティグループ,米国の総合金融サービス持株会社,NYSE,○
CABA,カバレッタ　バイオ,米国の臨床段階のバイオ医薬品会社,NASDAQ,
CABO,ケーブル　ワン,米国のブロードバンド通信プロバイダー,NYSE,○
CACI,ＣＡＣＩ　インターナショナル,米国の専門知識・テクノロジーソリューション提供会社,NYSE,○
CADL,キャンデル　セラピューティクス,米国の臨床段階のバイオ医薬品会社,NASDAQ,○
CAG,コナグラ　ブランズ,米国のブランド食品会社,NYSE,○
CAH,カーディナルヘルス,医薬品販売と医療製品の製造販売を手掛ける米国の会社,NYSE,○
CAKE,ザ　チーズケーキ　ファクトリー,米国のレストラン運営会社,NASDAQ,○
CAL,カラレス,米国のフットウェア会社,NYSE,○
CALM,カル－メイン　フーズ,卵・卵製品の生産・販売を手掛ける米国の畜産会社,NASDAQ,○
CALX,カリックス,米国の通信関連のプラットフォーム開発会社,NYSE,○
CAMT,キャムテック,半導体検査・計測装置を開発・製造するイスラエル企業,NASDAQ,○
CAR,エイビス　バジェット　グループ,米国の自動車レンタル及びリース会社,NASDAQ,○
CARG,カーグルズ,米国のオンライン自動車販売会社,NASDAQ,○
CARR,キャリア　グローバル,HVACや冷蔵システムを提供する米国の会社,NYSE,○
CARV,カーバー　バンコープ,ニューヨーク州で業務を行う米国の銀行持株会社,OTC,
CASY,ケーシーズ　ゼネラル　ストアーズ,コンビニエンスストアチェーンを展開する米国の会社,NASDAQ,○
CAT,キャタピラー,米国の建設機械メーカー,NYSE,○
CB,チャブ,スイスの保険持株会社,NYSE,○
CBNK,キャピタル　バンコープ,メリーランド州で業務を行う米国の銀行持株会社,NASDAQ,○
CBRE,ＣＢＲＥ　グループ,米国の不動産会社,NYSE,○
CBRL,クラッカー　バレル　オールド　カントリー　ストア,米国のレストラン運営会社,NASDAQ,○
CBSH,コマース　バンクシェアーズ,米国の銀行持株会社,NASDAQ,○
CBT,キャボット,特殊化学品と機能性材料を提供する米国のメーカー,NYSE,○
CBU,コミュニティ　ファイナンシャル　システム,米国の金融持株会社,NYSE,○
CBZ,シービズ,金融・保険サービスを提供する米国の会社,NYSE,○
CC,ケマーズ,米国の特殊化学製品メーカー,NYSE,○
CCCC,Ｃ４　セラピューティクス,米国の臨床段階のバイオ医薬品会社,NASDAQ,
CCC,ＣＣＣ　インテリジェント　ソリューションズ　ホールディングス,米国のクラウド型SaaSプラットフォーム会社,NASDAQ,○
CCJ,カメコ,ウラン燃料を提供するカナダの会社,NYSE,○
CCK,クラウン　ホールディングス,米国の硬質包装製品メーカー,NYSE,○
CCL,カーニバル,米国のクルーズ船運航会社,NYSE,○
CCOI,コジェント　コミュニケーションズ　ホールディングス,米国のインタネットサービスプロバイダー,NASDAQ,○
CCRN,クロス　カントリー　ヘルスケア,米国の医療業界向け人材派遣・紹介会社,NASDAQ,○
CCS,センチュリー　コミュニティーズ,米国の住宅建設会社,NYSE,○
CCSI,コンセンサス　クラウド　ソリューションズ,デジタルクラウドFAXテクノロジーを提供する米国企業,NASDAQ,○
CDLX,カードリティクス,デジタル広告プラットフォームを提供する米国の会社,NASDAQ,
CDNA,ケアＤｘ,移植医療関連などを手掛ける米国の精密医療企業,NASDAQ,○
CDNS,ケイデンス　デザイン　システムズ,米国のIC設計ソフトウェア開発会社,NASDAQ,○
CDRE,キャドレ　ホールディングス,安全・防護装備と関連製品を提供する米国の会社,NYSE,○
CDW,ＣＤＷ,米国のITサービス会社,NASDAQ,○
CDXS,コデクシス,米国の酵素エンジニアリング会社,NASDAQ,
CE,セラニーズ,米国の化学および特殊材料会社,NYSE,○
CEG,コンステレーション　エナジー,米国のエネルギー会社,NASDAQ,○
CELH,セルシウス　ホールディングス,健康飲料を製造・販売する米国の会社,NASDAQ,○
CENTA,セントラル　ガーデン　＆　ペット　Ａ,園芸用品・ペット用品を製造・販売する米国の会社,NASDAQ,○
CERS,シーラス,米国のバイオメディカル製品会社,NASDAQ,
CERT,セルタラ,バイオシミュレーションサービスを提供する米国の会社,NASDAQ,○
CEVA,ＣＥＶＡ,半導体IP・ソフトウェア製品を提供する米国の会社,NASDAQ,○
CF,ＣＦインダストリーズ　ホールディングス,米国の水素・窒素製品メーカー,NYSE,○
CFG,シチズンズ・ファイナンシャル・グループ,ニューイングランド地域などで業務を行う米国の銀行持株会社,NYSE,○
CFR,カレン／フロスト　バンカーズ,米国の銀行持株会社,NYSE,○
CGC,キャノピー　グロース,大麻と関連製品を生産するカナダの会社,NASDAQ,
CGNX,コグネックス,米国の機械視覚装置メーカー,NASDAQ,○
CHD,チャーチ　＆　ドワイト,家庭用品・特殊製品を開発・製造・販売する米国の会社,NYSE,○
CHEF,シェフズ　ウエアハウス,特殊食品を含む食料品販売を手掛ける米国の会社,NASDAQ,○
CHGG,チェグ,学習プログラム・サービスを提供する米国の会社,NYSE,
CHH,チョイス　ホテルズ　インターナショナル,米国のホテル運営会社,NYSE,○
CHKP,チェック　ポイント　ソフトウェア　テクノロジーズ,イスラエルのセキュリティソフトウェア会社,NASDAQ,○
CHPT,チャージポイント　ホールディングス,EV充電システムインフラを開発・提供する米国の会社,NYSE,○
CHRD,コードエナジー,米国のエネルギー探鉱・生産会社,NASDAQ,○
CHRS,コヘラス　オンコロジー,米国の商業段階のバイオ医薬品会社,NASDAQ,
CHRW,Ｃ．Ｈ．　ロビンソン　ワールドワイド,米国の物流会社,NASDAQ,○
CHTR,チャーター　コミュニケーションズ,米国のブロードバンド接続・ケーブル事業会社,NASDAQ,○
CHWY,チューイー,ペット用品を扱う米国のネット小売会社,NYSE,○
CI,シグナ　グループ,ヘルスケアサービス・医療保険を提供する米国の会社,NYSE,○
CIA,シチズンズ,生命保険を取り扱う米国の保険持株会社,NYSE,○
CIEN,シエナ,ネットワークテクノロジーを提供する米国の会社,NYSE,○
CINF,シンシナティ　ファイナンシャル,米国の保険持株会社,NASDAQ,○
CL,コルゲート－パルモリーブ,米国の口腔ケア製品・日用品等メーカー,NYSE,○
CLAR,クラルス,アウトドア製品を開発・製造・販売する米国の会社,NASDAQ,
CLB,コア　ラボラトリーズ,米国のエネルギー関連サービス会社,NYSE,○
CLBK,コロンビア　ファイナンシャル,ニュージャージー州において業務を行う米国の銀行持株会社,NASDAQ,○
CLDX,セルデックス　セラピューティクス,米国の臨床段階のバイオ医薬品会社,NASDAQ,○
CLF,クリーブランド－クリフス,米国の鉄鋼メーカー,NYSE,○
CLFD,クリアフィールド,光ファイバー製品を設計・製造・販売する米国の会社,NASDAQ,○
CLH,クリーン　ハーバーズ,持続可能な環境・産業サービスを提供する米国の会社,NYSE,○
CLSDQ,クリアサイド　バイオメディカル,米国のバイオ医薬品会社,OTC,
CLW,クリアウォーター　ペーパー,板紙パッケージ製品を製造・販売する米国の製紙会社,NYSE,○
CLX,クロロックス,米国の消費財・業務用製品メーカー,NYSE,○
CM,カナディアン　インペリアル　バンク　オブ　コマース,主に北米で業務を行うカナダの金融機関,NYSE,○
CMBT,ＣＭＢ．　テック,ベルギーの海事グループ会社,NYSE,○
CMC,コマーシャル　メタルズ,鉄鋼・金属・関連資材を扱う米国のメーカー,NYSE,○
CMCO,コロンバス　マッキノン,モーションソリューションを製造・販売する米国の会社,NASDAQ,○
CMCSA,コムキャスト,米国のメディア・テクノロジー会社,NASDAQ,○
CMDB,コスタマーレ　バルカーズ　ホールディングス,ドライバルク船を保有・運航するモナコの会社,NYSE,○
CME,ＣＭＥグループ　Ａ,米国の取引所運営会社,NASDAQ,○
CMG,チポトレ　メキシカン　グリル,米国のレストラン運営会社,NYSE,○
CMI,カミンズ,パワートレインソリューションを扱う米国のメーカー,NYSE,○
CMP,コンパス　ミネラルズ　インターナショナル,塩・植物栄養剤を生産・販売する米国の会社,NYSE,○
CMRC,コマースドットコム,AI主導のコマースエコシステムを提供する米国の会社,NASDAQ,
CMRE,コスタマーレ,チャーターコンテナ船を保有するモナコの会社,NYSE,○
CMS,ＣＭＳ　エナジー,米国のエネルギー事業会社,NYSE,○
CNA,ＣＮＡ　ファイナンシャル,米国の保険持株会社,NYSE,○
CNC,センティーン,政府支援による医療サービスを提供する米国の会社,NYSE,○
CNDT,コンデュエント,デジタルビジネスソリューションを提供する米国の会社,NASDAQ,
CNI,カナディアン　ナショナル　レイルウェイ,カナダの貨物鉄道会社,NYSE,○
CNK,シネマーク　ホールディングス,米国の映画館運営会社,NYSE,○
CNM,コア　＆　メイン,水道・防火製品と関連サービスを扱う米国の販売代理店,NYSE,○
CNMD,コンメド,外科手術用機器を提供する米国の医療技術会社,NYSE,○
CNNE,カンナエ　ホールディングス,事業会社の所有と経営・運営に携わる米国の持株会社,NYSE,○
CNOB,コネクトワン　バンコープ,米国の金融持株会社,NASDAQ,○
CNP,センターポイント　エナジー,米国の電力・ガス関連の公益事業持株会社,NYSE,○
CNQ,カナディアン　ナチュラル　リソーシズ,カナダのエネルギー会社,NYSE,○
CNR,コア　ナチュラル　リソーシズ,米国の石炭生産・輸出会社,NYSE,○
CNVS,シネバース,米国のストリーミングコンテンツ・テクノロジー企業,NASDAQ,
CNX,ＣＮＸリソーシズ,米国の天然ガス開発・生産会社,NYSE,○
CNXC,コンセントリクス,CXソリューションを提供する米国の会社,NASDAQ,○
CODX,コ－ダイアグノスティクス,米国の医療診断技術会社,OTC,
COF,キャピタル　ワン　ファイナンシャル,米国の多角的金融サービス持株会社,NYSE,○
COHR,コヒレント,米国の光電子部品メーカー,NYSE,○
COHU,コヒュー,半導体試験装置を製造する米国の会社,NASDAQ,○
COIN,コインベース　グローバル,米国の暗号資産取引所の運営会社,NASDAQ,○
COLB,コロンビア　バンキング　システム,ワシントン州等で業務を行う米国の銀行持株会社,NASDAQ,○
COLM,コロンビア　スポーツウエア,米国のアウトドア用品販売会社,NASDAQ,○
COO,クーパー,米国のヘルスケア製品・医療機器メーカー,NASDAQ,○
COP,コノコフィリップス,石油・天然ガス・天然ガス液事業に取り組む米国の会社,NYSE,○
COR,センコラ,医薬品調達・流通と関連サービスを提供する米国の会社,NYSE,○
CORT,コーセプト　セラピューティクス,米国の医薬品会社,NASDAQ,○
COST,コストコ　ホールセール,会員制倉庫型店舗を運営する米国の小売・卸売会社,NASDAQ,○
COTY,コティ,消費者向けブランド美容製品を販売する米国の会社,NYSE,
CP,カナディアン　パシフィック　カンザス　シティ,カナダの鉄道輸送会社,NYSE,○
CPA,コパ　ホールディングス,航空旅客・貨物サービスを提供するパナマの航空会社,NYSE,○
CPAY,コーペイ,デジタル決済ソリューションを提供する米国の会社,NYSE,○
CPB,キャンベルズ,米国の食品メーカー,NASDAQ,○
CPF,セントラル　パシフィック　ファイナンシャル,米国のハワイ州で業務を行う銀行持株会社,NYSE,○
CPNG,クーパン,オンラインショッピングサイトを運営する米国の会社,NYSE,○
CPRI,カプリ　ホールディングス,英国のラグジュアリーブランドファッショングループ,NYSE,○
CPRT,コパート,オンライン車両オークションを手掛ける米国の会社,NASDAQ,○
CPSS,コンシューマー　ポートフォリオ　サービシズ,自動車ローン債権買取専門の米国金融サービス会社,NASDAQ,○
CR,クレイン,高度な工業用製品を製造・販売する米国の会社,NYSE,○
CRBU,カリブー　バイオサイエンシズ,米国の臨床段階のバイオ医薬品会社,NASDAQ,
CRC,カリフォルニア　リソーシズ,米国のエネルギー・炭素管理会社,NYSE,○
CRDO,クレド　テクノロジー　グループ　ホールディング,ケイマン諸島のファブレス半導体企業,NASDAQ,○
CRGY,クレセント　エナジー,石油・天然ガス資産を買収・開発・運用する米国の会社,NYSE,○
CRI,カーターズ,乳児および幼児向けのアパレルを専門に扱う米国の会社,NYSE,○
CRK,コムストック　リソーシズ,米国のエネルギー会社,NYSE,○
CRL,チャールズ　リバー　ラボラトリーズ　インターナショナル,医薬品の研究機関向けに開発サポートを行う米国の会社,NYSE,○
CRM,セールスフォース,顧客管理システムを提供する米国のITサービス会社,NYSE,○
CRMT,アメリカズ　カーマート,中古車販売およびファイナンスを手掛ける米国の会社,NASDAQ,○
CRNC,セレンス,AI機能搭載・会話型車載システムに携わる米国の会社,NASDAQ,○
CRON,クロノス　グループ,医療用などの大麻を扱うカナダの会社,NASDAQ,
CROX,クロックス,カジュアルフットウェアを扱う米国の会社,NASDAQ,○
CRS,カーペンター　テクノロジー,特殊金属を扱う米国のメーカー,NYSE,○
CRSP,クリスパー　セラピューティクス,遺伝子編集技術を開発するスイスの会社,NASDAQ,○
CRUS,シーラス　ロジック,米国のファブレス半導体企業,NASDAQ,○
CRVS,コーヴァス　ファーマシューティカルズ,米国の臨床段階のバイオ医薬品会社,NASDAQ,○
CRWD,クラウドストライク　ホールディングス,米国のサイバーセキュリティテクノロジー持株会社,NASDAQ,○
CSBR,チャンピオンズ　オンコロジー,医薬品開発技術を提供する米国の会社,NASDAQ,○
CSCO,シスコ　システムズ,通信・情報技術関連製品を設計・販売する米国の会社,NASDAQ,○
CSGP,コスター　グループ,米国の不動産関連オンラインマーケットサービス会社,NASDAQ,○
CSGS,ＣＳＧ　システムズ　インターナショナル,顧客管理プラットフォームを提供する米国の会社,NASDAQ,○
CSIQ,カナディアン　ソーラー,カナダの太陽光発電技術・再生可能エネルギー企業,NASDAQ,○
CSL,カーライル,建物外装製品とソリューションを提供する米国の会社,NYSE,○
CSV,キャリッジ　サービシズ,米国の葬儀場・共同墓地運営会社,NYSE,○
CSX,ＣＳＸ,米国の輸送会社,NASDAQ,○
CTAS,シンタス,業務用制服レンタル・設備サービスに携わる米国の会社,NASDAQ,○
CTKB,サイテック　バイオサイエンシズ,米国の細胞分析ソリューション会社,NASDAQ,
CTRA,コテラ　エナジー,石油・天然ガスを生産する米国の多角的エネルギー会社,NYSE,○
CTS,ＣＴＳ,米国の電子部品のメーカー,NYSE,○
CTSH,コグニザント　テクノロジー　ソリューションズ,米国のITコンサルティング会社,NASDAQ,○
CTVA,コルテバ,米国の農業用種子・作物保護製品メーカー,NYSE,○
CUBI,カスタマーズ　バンコープ,米国の銀行持株会社,NYSE,○
CVBF,ＣＶＢ　ファイナンシャル,カリフォルニア州で業務を行う米国の銀行持株会社,NASDAQ,○
CVCO,カブコ　インダストリーズ,プレハブ住宅を設計・製造・販売する米国の会社,NASDAQ,○
CVE,セノバス　エナジー,カナダの総合エネルギー会社,NYSE,○
CVEO,シベオ,資源産業従事者に宿泊関連業務を提供する米国の会社,NYSE,○
CVGW,キャラボ　グロワーズ,農作物を扱う米国の農業サービス会社,NASDAQ,○
CVI,ＣＶＲ　エナジー,石油精製・販売・窒素肥料製造業に従事する米国の会社,NYSE,○
CVLG,コべナント　ロジスティクス　グループ,トラック輸送サービスを提供する米国の運送・物流会社,NYSE,○
CVLT,コムボールト　システムズ,データ保護プラットフォームを提供する米国の会社,NASDAQ,○
CVNA,カーバナ,中古車をオンラインで販売する米国の会社,NYSE,○
CVS,ＣＶＳヘルス,米国のヘルスケアサービス会社,NYSE,○
CVX,シェブロン,米国の総合エネルギー会社,NYSE,○
CW,カーチス－ライト,精密部品の開発・製造を行う米国の会社,NYSE,○
CWEN,クリアウェイ　エナジー　Ｃ,米国の総合クリーンエネルギー会社,NYSE,○
CWH,キャンピング　ワールド　ホールディングス,RVおよび関連製品を販売する米国の会社,NYSE,○
CWK,クッシュマン　＆　ウェイクフィールド,商用不動産を仲介管理するバミューダ諸島の不動産会社,NYSE,○
CWST,キャセラ　ウェイスト　システムズ,米国の廃棄物処理サービス会社,NASDAQ,○
CWT,カリフォルニア　ウォーター　サービス　グループ,上下水道サービスを提供する米国の持株会社,NYSE,○
CXT,クレイン　ＮＸＴ,決済・マーチャンダイジング技術を提供する米国の会社,NYSE,○
CYD,中国玉柴国際（チャイナ　ユチャイ　インターナショナル）,エンジンを製造するシンガポールの持株会社,NYSE,○
CYRX,クリオポート,米国のライフサイエンス業界向け物流会社,NASDAQ,○
CYTK,サイトキネティクス,米国のバイオ医薬品会社,NASDAQ,○
CZR,シーザーズ　エンターテインメント,米国のカジノ・エンターテインメント会社,NASDAQ,○
D,ドミニオン　エナジー,米国の電力・ガス会社,NYSE,○
DAC,ダナオス,自社コンテナ船をチャーター提供するギリシャの会社,NYSE,○
DAL,デルタ　エアーラインズ,米国の航空会社,NYSE,○
DAR,ダーリン　イングリディエンツ,バイオ栄養素から天然成分を加工する米国の油脂会社,NYSE,○
DASH,ドアダッシュ,食品配達プラットフォームを運営する米国の会社,NASDAQ,○
DBX,ドロップボックス,米国のIT・ソフトウェア会社,NASDAQ,○
DCI,ドナルドソン,米国のろ過製品・ソリューションメーカー,NYSE,○
DCOM,ダイム　コミュニティ　バンクシェアーズ,主にニューヨーク州で業務を行う米国の銀行持株会社,NYSE,○
DD,デュポン・ド・ヌムール,米国の化学品メーカー,NYSE,○
DDD,３Ｄ　システムズ,3D印刷関連ソリューションを提供する米国の会社,NYSE,
DDOG,データドッグ,米国のソフトウェア会社,NASDAQ,○
DDS,ディラーズ,洋服・化粧品・家具を扱う米国の大規模小売店チェーン,NYSE,○
DE,ディア　＆　カンパニー,米国の農業・建設機械メーカー,NYSE,○
DECK,デッカーズ　アウトドア,フットウェア・アパレルを販売する米国の会社,NYSE,○
DELL,デル　テクノロジーズ,IT製品とITソリューションを提供する米国の会社,NYSE,○
DFIN,ドネリー　ファイナンシャル　ソリューションズ,企業のコンプライアンスサポートを行う米国の会社,NYSE,○
DG,ダラー　ジェネラル,米国のディスカウント小売ストアチェーン,NYSE,○
DGII,ディジ　インターナショナル,IoT接続製品とサービスを開発・提供する米国の会社,NASDAQ,○
DGX,クエスト　ダイアグノスティクス,米国の診断情報サービス会社,NYSE,○
DHI,ＤＲ　ホートン,米国の住宅建設・販売会社,NYSE,○
DHR,ダナハー,ライフサイエンス・診断機器とサービスに携わる米国企業,NYSE,○
DHX,ＤＨＩ　グループ,米国の人材ポータル運営会社,NYSE,
DIN,ダイン　ブランズ　グローバル,米国のレストラン運営会社,NYSE,○
DINO,ＨＦ　シンクレア,米国のエネルギー会社,NYSE,○
DIS,ウォルト　ディズニー,エンターテインメント事業を展開する米国の会社,NYSE,○
DK,デレク　ＵＳ　ホールディングス,石油精製と供給を行う米国の会社,NYSE,○
DKNG,ドラフトキングス,オンラインゲームを提供する米国の会社,NASDAQ,○
DKS,ディックス　スポーティング　グッズ,スポーツ用品を販売する米国の会社,NYSE,○
DLB,ドルビー　ラボラトリーズ,オーディオ・映像技術を開発・提供する米国の会社,NYSE,○
DLHC,ＤＬＨ　ホールディングス,米国の健康増進・サイバー即応ソリューション提供会社,NASDAQ,○
DLO,Ｄローカル,決済ソリューションを提供するウルグアイの会社,NASDAQ,○
DLPN,ドルフィン　エンターテインメント,米国のマーケティング・広報サービス会社,NASDAQ,
DLTR,ダラー　ツリー,ディスカウントストアチェーンを運営する米国の会社,NASDAQ,○
DLX,デラックス,決済ソリューションを提供する米国の会社,NYSE,○
DMRC,デジマーク,電子透かし技術を開発・提供する米国の会社,NASDAQ,○
DNLI,デナリ　セラピューティクス,神経変性疾患治療薬を開発する米国の医薬品会社,NASDAQ,○
DOCN,デジタルオーシャン　ホールディングス,クラウドプラットフォームを提供する米国の会社,NYSE,○
DOCS,ドキシミティ,医療従事者向けプラットフォームを提供する米国の会社,NYSE,○
DOCU,ドキュサイン,電子署名ソリューションを提供する米国の会社,NASDAQ,○
DOGZ,ドッグネス　（インターナショナル）,ペット用品を製造・販売する中国の会社,NASDAQ,○
DOMO,ドーモ,米国のソフトウェア会社,NASDAQ,○
DOV,ドーバー,米国の機器・部品メーカー,NYSE,○
DOW,ダウ,特殊プラスチック材等を開発する米国の材料科学企業,NYSE,○
DOX,アムドクス,企業向けにサービス提供する米国のソフトウェア会社,NASDAQ,○
DPZ,ドミノ　ピザ,宅配ピザ店舗運営・フランチャイズ事業を行う米国企業,NASDAQ,○
DRI,ダーデン　レストランツ,レストランチェーンを運営する米国の会社,NYSE,○
DRVN,ドリブン　ブランズ　ホールデイングス,自動車関連サービスを提供する米国の会社,NASDAQ,○
DSGX,デカルト　システムズ　グループ,カナダのソフトウェア会社,NASDAQ,○
DT,ダイナトレース,米国のソフトウェア会社,NYSE,○
DTE,ＤＴＥ　エナジー,米国の電力・ガス会社,NYSE,○
DTIL,プレシジョン　バイオサイエンシズ,ゲノム編集技術を開発する米国の会社,NASDAQ,
DTM,ＤＴ　ミッドストリーム,天然ガスの中流サービスを提供する米国の会社,NYSE,○
DUK,デューク　エナジー,米国の電気・ガス事業会社,NYSE,○
DUOL,デュオリンゴ,モバイル学習プラットフォームを提供する米国の会社,NASDAQ,○
DV,ダブルベリファイ　ホールディングス,デジタルメディア用ソフトウェアを提供する米国の会社,NYSE,○
DVA,ダヴィータ,腎臓病治療サービスを提供する米国の会社,NYSE,○
DVN,デボン　エナジー,米国の独立系石油・天然ガス探査・生産会社,NYSE,○
DXC,ＤＸＣテクノロジー,ITサービスを提供する米国の会社,NYSE,○
DXCM,デクスコム,米国の医療機器メーカー,NASDAQ,○
DXLG,デスティネーション　ＸＬ　グループ,大きいサイズの紳士服・靴を販売する米国の会社,NASDAQ,
DY,ダイコム　インダストリーズ,米国のインフラ設備会社,NYSE,○
DYAI,ダイアディック　インターナショナル,米国の臨床段階のバイオテクノロジー会社,NASDAQ,
EA,エレクトロニック　アーツ,デジタルエンターテイメントを提供する米国の会社,NASDAQ,○
EAF,グラフテック　インターナショナル,米国のグラファイト電極材メーカー,NYSE,○
EAT,ブリンカー　インターナショナル,米国のレストラン運営会社,NYSE,○
EBAY,イーベイ,米国のオンラインマーケットプレイス運営会社,NASDAQ,○
EBET,ＥＢＥＴ,オンライン賭博プラットフォームを運営する米国の会社,OTC,
EBS,エマージェント　バイオソリューションズ,米国のバイオ医薬品会社,NYSE,○
ECG,エヴァラス　コンストラクション　グループ,専門工事請負サービスを提供する米国の会社,NYSE,○
ECL,エコラボ,洗浄・衛生用品を提供する米国のメーカー,NYSE,○
ED,コンソリデーテッド　エジソン,米国の電力・ガス・スチーム供給会社,NYSE,○
EDIT,エディタス　メディシン,ゲノム医薬品の開発に注力する米国の会社,NASDAQ,
EDSA,エデサ　バイオテック,カナダの臨床段階のバイオ医薬品会社,NASDAQ,
EE,エクセレレート　エナジー,米国の天然ガス供給会社,NYSE,○
EEFT,ユーロネット　ワールドワイド,電子決済サービスを提供する米国の会社,NASDAQ,○
EFSC,エンタープライズ　ファイナンシャル　サービシズ,米国の銀行持株会社,NASDAQ,○
EFTR,エフェクター　セラピューティクス,米国の臨床段階のバイオ医薬品会社,OTC,
EFX,エキファックス,米国の情報分析サービス会社,NYSE,○
EG,エベレスト　グループ,バミューダ諸島の再保険会社,NYSE,○
EGBN,イーグル　バンコープ,主にメリーランド州で業務を行う米国の銀行持株会社,NASDAQ,○
EGRX,イーグル　ファーマシューティカルズ,米国の特殊医薬品会社,OTC,
EHLD,ユーロホールディングス,海上輸送サービスを提供するギリシャの会社,NASDAQ,○
EIG,エンプロイヤーズ　ホールディングス,労働者災害補償保険を取り扱う米国の保険会社,NYSE,○
EIX,エジソン　インターナショナル,米国の電力生成・供給会社,NYSE,○
EL,エスティ　ローダー,米国の化粧品メーカー,NYSE,○
ELAN,エランコ　アニマル　ヘルス,ペットや家畜のヘルスケア製品を提供する米国の会社,NYSE,○
ELF,ｅ．ｌ．ｆ．　ビューティー,化粧品およびスキンケア製品を提供する米国の会社,NYSE,○
ELSE,エレクトロ－センサーズ,米国の工業生産監視・プロセス制御システム製造販売会社,NASDAQ,
ELV,エレバンス　ヘルス,米国のヘルスケアサービス会社,NYSE,○
ELYS,エリス　ＢＭＧ　グループ,レジャー賭博業界で事業を運営するカナダの会社,OTC,
EMBC,エムベクタ,米国の糖尿病向け医療機器メーカー,NYSE,○
EME,エムコア　グループ,電気・機械工事を行う米国の設備工事会社,NYSE,○
EMN,イーストマン　ケミカル,米国の特殊材料会社,NYSE,○
EMR,エマソン　エレクトリック,米国のテクノロジー・ソフトウェア企業,NYSE,○
ENB,エンブリッジ,カナダのエネルギーインフラ会社,NYSE,○
ENLV,エンライベックス,イスラエルの臨床段階の医薬品会社,NASDAQ,
ENOV,エノビス,米国の医療技術会社,NYSE,○
ENPH,エンフェーズ　エナジー,太陽光発電のソリューションを提供する米国の会社,NASDAQ,○
ENR,エナジャイザー　ホールディングス,家庭用電池・自動車ケア製品を製造・販売する米国企業,NYSE,○
ENS,エナーシス,産業用バッテリーを製造・販売する米国の会社,NYSE,○
ENSG,エンサイン　グループ,看護・リハビリサービスを提供する米国の会社,NASDAQ,○
ENTA,エナンタ　ファーマシューティカルズ,米国のバイオテクノロジー会社,NASDAQ,○
ENTG,インテグリス,ハイテク産業用製品や管理資材を扱う米国の会社,NASDAQ,○
ENVA,エノバ　インターナショナル,オンライン融資を行う米国の金融サービス会社,NYSE,○
EOG,ＥＯＧ　リソーシズ,米国の原油・液体天然ガス・天然ガス開発生産会社,NYSE,○
EPAM,ＥＰＡＭ　システムズ,米国のITサービス会社,NYSE,○
EPC,エッジウェル　パーソナル　ケア,米国のパーソナルケア製品メーカー,NYSE,○
EPSN,イプシロン　エナジー,米国のエネルギー会社,NASDAQ,○
EQ,エクイリアム,米国のバイオテクノロジー会社,NASDAQ,
EQH,エクイタブル　ホールディングス,米国の金融サービス・保険持株会社,NYSE,○
EQT,ＥＱＴ,米国の天然ガス会社,NYSE,○
ERAS,イレースカ,癌の精密治療法を開発する米国の臨床段階の医薬品会社,NASDAQ,
ERII,エナジー　リカバリー,エネルギー効率向上技術を提供する米国の会社,NASDAQ,○
ES,エバーソース　エナジー,米国の公益事業持株会社,NYSE,○
ESAB,イーエスエイビー,高度な製造技術機器を提供する米国の会社,NYSE,○
ESEA,ユーロシーズ,コンテナ貨物の海上輸送を手掛けるギリシャの海運会社,NASDAQ,○
ESI,エレメント　ソリューションズ,米国の化学品メーカー,NYSE,○
ESNT,エッセント　グループ,モーゲージ保険等を扱うバミューダ諸島の保険会社,NYSE,○
ESTA,エスタブリッシュメント　ラボズ　ホールディングス,コスタリカの医療機器会社,NASDAQ,○
ESTC,エラスティック,データ分析ソフトウェアを提供するオランダの会社,NYSE,○
ETD,イーサン　アレン　インテリアズ,家具を製造・販売する米国の会社,NYSE,○
ETN,イートン,アイルランドの電力管理装置メーカー,NYSE,○
ETR,エンタジー,米国の総合エネルギー会社,NYSE,○
ETSY,エッツィ,米国のオンラインマーケットプレイス運営会社,NYSE,○
EVC,エントラビジョン　コミュニケーションズ,広告・メディア事業を展開する米国の会社,NYSE,
EVH,エボレント　ヘルス,米国の医療管理サービス会社,NYSE,
EVR,エバコア,米国の独立系投資銀行顧問サービス会社,NYSE,○
EVRG,エバジー,米国の電力会社,NASDAQ,○
EVTC,エバーテック,トランザクション処理事業を行う米国の会社,NYSE,○
EW,エドワーズライフサイエンス,米国の医療機器メーカー,NYSE,○
EWBC,イースト　ウエスト　バンコープ,米国の銀行持株会社,NASDAQ,○
EWCZ,ヨーロピアン　ワックス　センター,ワックス脱毛サービスを提供する米国の会社,NASDAQ,
EXC,エクセロン,米国の公共事業持株会社,NASDAQ,○
EXE,エクスパンド　エナジー,米国の天然ガス生産会社,NASDAQ,○
EXLS,Ｅｘｌサービス　ホールディングス,デジタルソリューションを提供する米国の会社,NASDAQ,○
EXP,イーグル　マテリアルズ,米国の建設資材事業持株会社,NYSE,○
EXPD,エクスペディターズ　インターナショナル　オブ　ワシントン,グローバル物流サービスを提供する米国の会社,NYSE,○
EXPE,エクスペディア　グループ,米国のオンライン旅行会社,NASDAQ,○
EXPO,エクスポーネント,米国の科学・エンジニアリングのコンサルティング会社,NASDAQ,○
EYPT,アイポイント,米国の臨床段階のバイオ医薬品会社,NASDAQ,○
EZPW,イージーコープ,米国の質店運営会社,NASDAQ,○
F,フォード　モーター,米国の自動車メーカー,NYSE,○
FAF,ファースト　アメリカン　ファイナンシャル,米国の金融・保険サービス持株会社,NYSE,○
FANG,ダイヤモンドバック　エナジー,石油・天然ガスの探査・掘削を行う米国の会社,NASDAQ,○
FAST,ファスナル,工業・建設資材を販売する米国の会社,NASDAQ,○
FATE,フェイト　セラピューティクス,米国の臨床段階のバイオ医薬品会社,NASDAQ,
FBIN,フォーチュン　ブランズ　イノベーションズ,米国の住宅用製品メーカー,NYSE,○
FBP,ファースト　バンコープ,プエルトリコなどで業務を行う米国の金融持株会社,NYSE,○
FC,フランクリン　コヴィー,組織のパフォーマンス向上に注力する米国の会社,NYSE,○
FCFS,ファーストキャッシュ　ホールディングス,米国の質店運営会社,NASDAQ,○
FCNCA,ファースト　シチズンズ　バンクシェアーズ,米国南部中部地域を拠点とする米国の銀行持株会社,NASDAQ,○
FCUV,フォーカス　ユニバーサル,IoT・5G向けテクノロジーを提供する米国の会社,NASDAQ,
FCX,フリーポート　マクモラン,米国の鉱山会社,NYSE,○
FDMT,４Ｄ　モレキュラー　セラピューティクス,米国の臨床段階のバイオ医薬品会社,NASDAQ,○
FDP,フレッシュ　デル　モンテ　プロデュース,生鮮果物・加工済み食品を扱うケイマン諸島の会社,NYSE,○
FDS,ファクトセット　リサーチ　システムズ,金融デジタルプラットフォームを提供する米国の会社,NYSE,○
FDX,フェデックス,速達輸送を手掛ける米国の会社,NYSE,○
FE,ファースト　エナジー,米国の電力会社,NYSE,○
FFIC,フラッシング　ファイナンシャル,主にニューヨーク州で業務を行う米国の銀行持株会社,NASDAQ,○
FFIV,Ｆ５,米国のアプリケーションセキュリティ開発・提供会社,NASDAQ,○
FHB,ファースト　ハワイアン,主にハワイ州で業務を行う米国の銀行持株会社,NASDAQ,○
FHI,フェデレーテッド　ヘルメス,投資運用事業を行う米国の会社,NYSE,○
FHN,ファースト　ホライズン,各種金融サービスを提供する米国の銀行持株会社,NYSE,○
FHTX,フォグホーン　セラピューティクス,米国の臨床段階の精密治療バイオテクノロジー会社,NASDAQ,
FISV,ファイサーブ,米国の決済・金融サービステクノロジー会社,NASDAQ,○
FIBK,ファースト　インターステート　バンクシステム,米国の銀行持株会社,NASDAQ,○
FICO,フェア　アイザック,米国の信用情報分析ソフトウェア会社,NYSE,○
FIG,フィグマ,米国のデザイン・製品開発プラットフォーム提供会社,NYSE,○
FIS,フィデリティ　ナショナル　インフォメーション　サービシズ,決済・金融の技術ソリューションを提供する米国の会社,NYSE,○
FITB,フィフス　サード　バンコープ,オハイオ州等で業務を行う米国の銀行持株会社,NASDAQ,○
FIVE,ファイブ　ビロウ,廉価商品の販売を行う米国の小売店,NASDAQ,○
FIVN,ファイブ９,AI搭載CXプラットフォームを提供する米国の会社,NASDAQ,○
FIX,コンフォート　システムズ　ＵＳＡ,空調・電気システム設置・保守を手掛ける米国の会社,NYSE,○
FIZZ,ナショナル　ビバレッジ,ノンアルコール飲料扱う米国のメーカー,NASDAQ,○
FLEX,フレックス,米国の製造・サプライチェーンソリューション会社,NASDAQ,○
FLG,フラッグスター　バンク,ニューヨーク州等で業務を行う米国の銀行持株会社,NYSE,○
FLGT,フルジェント　ジェネティクス,臨床診断事業と治療薬開発事業を展開する米国の会社,NASDAQ,○
FLNC,フルーエンス　エナジー,エネルギー貯蔵ソリューションを手掛ける米国の会社,NASDAQ,○
FLNG,フレックス　ＬＮＧ,液化天然ガスの輸送船を運航するバミューダ諸島の海運会社,NYSE,○
FLO,フラワーズ　フーズ,包装ベーカリー食品を製造・販売する米国の会社,NYSE,○
FLR,フルーア,米国のインフラ建設会社,NYSE,○
FLS,フローサーブ,産業用流量制御システムを製造する米国の会社,NYSE,○
FLYW,フライワイヤー,決済ソリューションを提供する米国の会社,NASDAQ,○
FMC,ＦＭＣ,米国の農業科学会社,NYSE,○
FMNB,ファーマーズ　ナショナル　バンク,オハイオ州などで業務を行う米国の銀行持株会社,NASDAQ,○
FN,ファブリネット,ケイマン諸島のOEM向け部品製造メーカー,NYSE,○
FNB,Ｆ．Ｎ．Ｂ．,米国の銀行持株会社,NYSE,○
FND,フロア　＆　デコア　ホールディングス,硬質床材・商業用床材・関連製品を販売する米国の会社,NYSE,○
FNKO,ファンコ,米国のポップカルチャー製品メーカー,NASDAQ,
FNV,フランコ－ネバダ,カナダの主に金のロイヤリティ・ストリーミング会社,NYSE,○
FORM,フォームファクタ,半導体製品のテスト・測定技術を提供する米国の会社,NASDAQ,○
FOUR,シフト４　ペイメンツ,決済プラットフォームを提供する米国の会社,NYSE,○
FOX,フォックス　Ｂ,全米にテレビ放送事業を展開する米国のメディア企業,NASDAQ,○
FOXA,フォックス　Ａ,全米にテレビ放送事業を展開する米国のメディア企業,NASDAQ,○
FOXF,フォックス　ファクトリー　ホールディング,米国の自動車部品メーカー,NASDAQ,○
FRCB,ファースト　リパブリック　バンク,米国のバンキングサービス会社,OTC,
FRHC,フリーダム　ホールディング,米国の証券仲介・金融サービス会社,NASDAQ,○
FRME,ファースト　マーチャンツ,米国中西部で業務を行う米国の金融持株会社,NASDAQ,○
FROG,Ｊフロッグ,米国のソフトウェア開発会社,NASDAQ,○
FRPT,フレッシュペット,ペットフードと関連製品を製造する米国の会社,NASDAQ,○
FRSH,フレッシュワークス,AIサービスソフトウェアを開発・提供する米国の会社,NASDAQ,○
FSLR,ファースト　ソーラー,太陽光発電ソリューションを提供する米国の会社,NASDAQ,○
FSLY,ファストリー,エッジクラウドプラットフォームを提供する米国の会社,NASDAQ,○
FSS,フェデラル　シグナル,インフラ市場向けの車両・機器を製造する米国の会社,NYSE,○
FTCHQ,ファーフェッチ,英国のファッションECサイト運営会社,OTC,
FTI,テクニップＦＭＣ,油田関連のサービスを提供する米国の会社,NYSE,○
FTNT,フォーティネット,米国のサイバーセキュリティソリューションプロバイダー,NASDAQ,○
FTRE,フォートリア　ホールディングス,米国の医薬品開発業務受託会社,NASDAQ,○
FTS,フォーティス,カナダの電気・ガス事業者,NYSE,○
FTV,フォーティブ,業務フロー技術・製品・サービスを提供する米国の会社,NYSE,○
FUL,Ｈ．Ｂ．　フラー,米国の接着剤ほかの特殊化学品メーカー,NYSE,○
FULC,フルクラム　セラピューティクス,米国の臨床段階のバイオ医薬品会社,NASDAQ,○
FVRR,ファイバー　インターナショナル,イスラエルのeコマース・プラットフォーム運営会社,NYSE,○
FWRD,フォワード　エアー,米国の貨物輸送・物流サービス会社,NASDAQ,○
FXNC,ファースト　ナショナル,主にバージニア州で業務を行う米国の銀行持株会社,NASDAQ,○
GALT,ガレクチン　セラピューティクス,米国の臨床段階のバイオテクノロジー会社,NASDAQ,○
GAP,ギャップ,米国のアパレル小売会社,NYSE,○
GATX,ガテックス,米国の鉄道車両リース会社,NYSE,○
GBCI,グレイシャー　バンコープ,モンタナ州などで業務を行う米国の銀行持株会社,NYSE,○
GBX,グリーンブライアー　カンパニーズ,米国の鉄道貨車機器メーカー,NYSE,○
GCBC,グリーン　カウンティー　バンコープ,ニューヨーク州で業務を行う米国の銀行持株会社,NASDAQ,○
TDAY,ＵＳＡ　トゥデイ,全国紙出版など多角的メディア事業に携わる米国の会社,NYSE,○
GCO,ジェネスコ,靴・アパレル・アクセサリーを販売する米国の会社,NYSE,○
GD,ゼネラル　ダイナミックス,米国の航空機・潜水艦・戦闘車両メーカー,NYSE,○
GDDY,ゴーダディ,米国のWebサイト作成・ホスティング関連サービス会社,NYSE,○
GDEN,ゴールデン　エンターテインメント,カジノとブランド居酒屋の運営を手掛ける米国の会社,NASDAQ,○
GDOT,グリーン　ドット,金融テクノロジーに取り組む米国の銀行持株会社,NYSE,○
GDRX,グッドＲｘ　ホールディングス,デジタル医療プラットフォームを運営する米国の会社,NASDAQ,
GDYN,グリッド　ダイナミクス　ホールディングス,企業のDXを支援する米国の会社,NASDAQ,○
GE,ＧＥ　エアロスペース,米国の航空機エンジンメーカー,NYSE,○
GEF,グライフ　Ａ,工業用包装製品・サービスを提供する米国の会社,NYSE,○
GEHC,ＧＥ　ヘルスケア　テクノロジーズ,米国の医療技術会社,NASDAQ,○
GEN,ジェン　デジタル,米国のサイバーセキュリティソフトウェア会社,NASDAQ,○
GEOS,ジオスペース　テクノロジーズ,米国の計測機器メーカー,NASDAQ,○
GEV,ＧＥ　ベルノバ,持続可能な電力システムを製造・提供する米国の会社,NYSE,○
GFL,ＧＦＬ　エンバイロメンタル,米国の総合環境サービス会社,NYSE,○
GFS,グローバルファウンドリーズ,米国の半導体ファウンドリー,NASDAQ,○
GGG,グラコ,米国の流体ハンドリング機器メーカー,NYSE,○
GH,ガーダント　ヘルス,癌治療用の高度な血液・組織検査を提供する米国の会社,NASDAQ,○
GIB,ＣＧＩ,カナダのIT・ビジネスコンサルティングサービス会社,NYSE,○
GIII,Ｇ－ＩＩＩ　アパレル　グループ,米国の衣料品会社,NASDAQ,○
GIL,ギルダン　アクティブウェア,アクティブウェア等を製造・販売するカナダの会社,NYSE,○
GILD,ギリアド　サイエンス,米国のバイオ医薬品会社,NASDAQ,○
GILT,ジラット　サテライト　ネットワークス,イスラエルの衛星通信機器メーカー,NASDAQ,○
GIS,ゼネラルミルズ,米国の食品メーカー,NYSE,○
GKOS,グラウコス,米国の眼科用医薬品および医療技術会社,NYSE,○
GL,グローブ　ライフ,生命保険・医療保険など各種保険を提供する米国の会社,NYSE,○
GLBE,グローバル　Ｅ　オンライン,越境ECソリューションを提供するイスラエルの会社,NASDAQ,○
GLNG,ゴラール　ＬＮＧ,海洋インフラの設計・運営を行うバミューダ諸島の会社,NASDAQ,○
GLUE,モンテ　ローザ　セラピューティクス,米国の臨床段階のバイオテクノロジー会社,NASDAQ,○
GLW,コーニング,米国の特殊ガラス・セラミック・光学製品メーカー,NYSE,○
GM,ゼネラル　モーターズ,米国の自動車メーカー,NYSE,○
GME,ゲームストップ,ビデオゲーム機器や関連商品を扱う米国の会社,NYSE,○
GMED,グローバス　メディカル,米国の医療機器メーカー,NYSE,○
GNK,ジェンコ　シッピング　＆　トレーディング,ドライバルク船を運航する米国の海運会社,NYSE,○
GNRC,ジェネラック　ホールディングス,エネルギー技術ソリューションを扱う米国のメーカー,NYSE,○
GNTX,ジェンテックス,自動車用電子機器など電気光学製品を提供する米国企業,NASDAQ,○
GO,グローサリー　アウトレット　ホールディング,生鮮食品のディスカウント店を展開する米国の会社,NASDAQ,○
GOLF,アクシネット　ホールディングス,米国のゴルフ用品メーカー,NYSE,○
GOOG,アルファベット　Ｃ,主にGoogleを通じて事業を行う米国の持株会社,NASDAQ,○
GOOGL,アルファベット　Ａ,主にGoogleを通じて事業を行う米国の持株会社,NASDAQ,○
GOOS,カナダ　グース　ホールディングス,アウターウェアを扱うカナダの衣料品メーカー,NYSE,○
GOSS,ゴサマー　バイオ,米国の臨床段階のバイオ医薬品会社,NASDAQ,
GPC,ジェニュイン　パーツ,米国の自動車用・産業用交換部品販売会社,NYSE,○
GPK,グラフィック　パッケージング　ホールディング,消費者向け製品用の紙製梱包材を製造する米国の会社,NYSE,○
GPN,グローバル　ペイメンツ,電子決済技術サービスを提供する米国の会社,NYSE,○
GPOR,ガルフポート　エナジー,米国のエネルギー会社,NYSE,○
GPRE,グリーン　プレインズ,米国のアグテック企業,NASDAQ,○
GRAL,グレイル,癌の早期発見に重点を置く米国の医療会社,NASDAQ,○
GRBK,グリーン　ブリック　パートナーズ,米国の住宅建設・土地開発会社,NYSE,○
GRMN,ガーミン,GPS対応製品・情報関連製品を提供するスイスの会社,NYSE,○
GRWG,グロージェネレーション,米国の水耕栽培機器販売会社,NASDAQ,
GS,ゴールドマン　サックス　グループ,米国の総合金融サービス会社,NYSE,○
GSHD,グースヘッド　インシュアランス,米国の独立系保険代理店,NASDAQ,○
GSL,グローバル　シップ　リース,コンテナ船を所有するギリシャの船舶リース会社,NYSE,○
GSM,フェログローブ,シリコン金属、シリコン・マンガン系合金を扱う英国企業,NASDAQ,
GT,グッドイヤー　タイヤ　＆　ラバー,米国のタイヤメーカー,NASDAQ,○
GTES,ゲイツ　インダストリアル,米国の動力伝達機器メーカー,NYSE,○
GTIM,グッド　タイムズ　レストラン,米国のフランチャイズレストラン運営会社,NASDAQ,
GTLB,ギットラボ,DevSecOpsプラットフォームを開発する米国の会社,NASDAQ,○
GTLS,チャート　インダストリーズ,米国の工業機器メーカー,NYSE,○
GTM,ズームインフォ　テクノロジーズ,市場開拓クラウドプラットフォームを提供する米国企業,NASDAQ,○
GTX,ギャレット　モーション,車載用各種ターボチャージャーを扱うスイスの会社,NASDAQ,○
GVA,グラニット　コンストラクション,大規模な公共インフラ事業を行う米国の建設会社,NYSE,○
GWRE,ガイドワイア　ソフトウェア,損保業界向けプラットフォームを提供する米国の会社,NYSE,○
GWRS,グローバル　ウォーター　リソーシズ,アリゾナ州でサービスを提供する米国の水資源管理会社,NASDAQ,○
GWW,Ｗ．Ｗ．　グレインジャー,MRO製品・サービスを提供する米国の会社,NYSE,○
GXO,ＧＸＯ　ロジスティクス,米国の物流会社,NYSE,○
H,ハイアット　ホテルズ,米国のホテル運営会社,NYSE,○
HAE,ヘモネティクス,米国の医療技術会社,NYSE,○
HAFC,ハンミ　ファイナンシャル,米国の金融持株会社,NASDAQ,○
HAIN,ヘイン　セレスティアル　グループ,米国の健康とウェルネス関連食品・製品の製造販売会社,NASDAQ,
HAL,ハリバートン,米国の総合エネルギーサービス会社,NYSE,○
HALO,ハロザイム　セラピューティクス,米国のバイオ医薬品会社,NASDAQ,○
HAS,ハスブロ,米国のゲーム・知的財産・玩具会社,NASDAQ,○
HBAN,ハンチントン　バンクシェアーズ,米国の地域銀行持株会社,NASDAQ,○
HCA,ＨＣＡ　ヘルスケア,米国の米国のヘルスケアサービス会社,NYSE,○
HCAT,ヘルス　カタリスト,米国の医療業界向けITサービス会社,NASDAQ,
HCC,ウォリアー　メット　コール,米国の製鉄用石炭生産会社,NYSE,○
HCI,ＨＣＩ　グループ,損害保険・再保険などを取り扱う米国の保険会社,NYSE,○
HD,ホーム　デポ,ホームセンターを運営する米国の会社,NYSE,○
HE,ハワイアン　エレクトリック　インダストリーズ,米国ハワイ州の電力・インフラ事業持株会社,NYSE,○
HEI,ハイコ,米国のジェットエンジンと航空機部品の会社,NYSE,○
HELE,ヘレン　オブ　トロイ,家電製品や健康用品を扱うバミューダ諸島のメーカー,NASDAQ,○
HFBL,ホーム　フェデラル　バンコープ　オブ　ルイジアナ,ルイジアナ州で業務行う米国の銀行持株会社,NASDAQ,○
HFFG,ＨＦ　フーズ　グループ,米国の食品流通・販売会社,NASDAQ,
HFWA,ヘリテージ　ファイナンシャル,ワシントン州で業務を行う米国の銀行持株会社,NASDAQ,○
HGV,ヒルトン　グランド　バケーションズ,タイムシェアリゾートを管理・運営する米国の会社,NYSE,○
HHH,ハワード　ヒューズ　ホールディングス,米国の不動産開発会社,NYSE,○
HIG,ハートフォード　インシュアランス　グループ,米国の保険持株会社,NYSE,○
HII,ハンティントン　インガルス　インダストリーズ,艦艇とテクノロジーを開発する米国の造船会社,NYSE,○
HLF,ハーバライフ,ケイマン諸島の栄養補助食品会社,NYSE,○
HLI,フーリハン　ローキー,米国の独立系投資銀行,NYSE,○
HLIO,ヘリオス　テクノロジーズ,米国の制御機器メーカー,NYSE,○
HLLY,ホーリー,米国の自動車部品メーカー,NYSE,
HLT,ヒルトン　ワールドワイド　ホールディングス,米国のホテル・リゾートホスピタリティ会社,NYSE,○
HMN,ホーレス　マン　エデュケーターズ,個人・団体保険、金融サービスを提供する米国の会社,NYSE,○
MCHB,メカニクス　バンコープ,カリフォルニア州などで業務を行う米国の銀行,NASDAQ,○
HNI,ＨＮＩ,米国の家具・住宅用建築設備メーカー,NYSE,○
HNST,オネスト,消費者製品の製造・販売を手掛ける米国の会社,NASDAQ,
HOG,ハーレーダビッドソン,米国のオートバイメーカー,NYSE,○
HOMB,ホーム　バンクシェアズ,主にアーカンソー州で業務を行う米国の銀行持株会社,NYSE,○
HON,ハネウェル　インターナショナル,米国のテクノロジー企業,NASDAQ,○
HOOD,ロビンフッド　マーケッツ,米国の金融サービスプラットフォーム運営会社,NASDAQ,○
HOWL,ウェアウルフ　セラピューティクス,米国の臨床段階のバイオ医薬品会社,NASDAQ,
HP,ヘルマリック　アンド　ペイン,米国の油田・天然ガス井の掘削請負会社,NYSE,○
HPE,ヒューレット　パッカード　エンタープライズ,企業向けITソリューションを開発提供する米国の会社,NYSE,○
HPK,ハイピーク　エナジー,米国の独立系石油・天然ガス会社,NASDAQ,
HPQ,ＨＰ,米国のコンピュータ・IT関連機器メーカー,NYSE,○
HQY,ヘルスエクイティ,米国のヘルスケアビジネス向けサービス提供会社,NASDAQ,○
HRB,Ｈ＆Ｒ　ブロック,米国の税務申告サービス会社,NYSE,○
HRI,ハーク　ホールディングス,機器のレンタルを行う米国の会社,NYSE,○
HRL,ホーメル　フーズ,米国の食肉・食品加工会社,NYSE,○
HRMY,ハーモニー　バイオサイエンシズ　ホールディングス,神経疾患の治療薬を開発する米国の製薬会社,NASDAQ,○
HSIC,ヘンリー　シャイン,米国のヘルスケア製品・サービス会社,NASDAQ,○
HSY,ハーシー,米国のスナック菓子メーカー,NYSE,○
HTH,ヒルトップ　ホールディングス,主にテキサス州において業務を行う米国の金融持株会社,NYSE,○
HTO,Ｈ２Ｏ　アメリカ,米国の地域水道・下水道事業者,NASDAQ,○
HUBB,ハベル,総合的な電気関連商品とサービスを提供する米国の会社,NYSE,○
HUBG,ハブ　グループ,貨物輸送・物流管理サービスを提供する米国の会社,NASDAQ,○
HUBS,ハブスポット,顧客管理(CRM)ソフトウェアを提供する米国の会社,NYSE,○
HUM,ヒューマナ,保険・医療サービスを提供する米国の会社,NYSE,○
HUMA,ヒューマシーテ,米国のバイオテクノロジー会社,NASDAQ,
HUN,ハンツマン,米国の有機化学品メーカー,NYSE,○
HURN,ヒューロン　コンサルティング　グループ,米国のコンサルティング会社,NASDAQ,○
HWM,ハウメット　エアロスペース,米国のエンジニアリング製品メーカー,NYSE,○
HXL,ヘクセル,米国の複合材料メーカー,NYSE,○
HZO,マリンマックス,米国のレクリエーション用ボート・ヨットの小売会社,NYSE,○
IART,インテグラ　ライフサイエンシズ　ホールディングス,米国の医療機器メーカー,NASDAQ,○
IBM,インターナショナル　ビジネス　マシーンズ,IT関連の統合ソリューションを提供する米国の会社,NYSE,○
IBOC,インターナショナル　バンクシェアズ,主にテキサス州において業務を行う米国の銀行持株会社,NASDAQ,○
IBP,インストールド　ビルディング　プロダクツ,米国の住宅断熱材設置業者,NYSE,○
ICE,インターコンチネンタルエクスチェンジ,米国のオンライン取引所運営・金融サービス会社,NYSE,○
ICHR,イコル　ホールディングス,米国の半導体関連精密機器メーカー,NASDAQ,○
ICLR,アイコン,アイルランドの医薬品開発業務受託会社,NASDAQ,○
ICUI,ＩＣＵ　メディカル,救命救急医療製品を提供する米国の医療機器メーカー,NASDAQ,○
IDA,アイダコープ,電力サービスを提供する米国の公益事業持株会社,NYSE,○
IDCC,インターデジタル,無線通信技術を設計・開発する米国の会社,NASDAQ,○
IDT,ＩＤＴ,フィンテック・通信ソリューションを提供する米国企業,NYSE,○
IDXX,アイデックス　ラボラトリーズ,米国の検査・診断製品サービス会社,NASDAQ,○
IDYA,ＩＤＥＡＹＡ　バイオサイエンシズ,米国の臨床段階のバイオ医薬品会社,NASDAQ,○
IEX,アイデックス,エンジニアリング製品や基幹部品を製造する米国の会社,NYSE,○
IFF,インターナショナル　フレーバー　＆　フレグランス,米国の香料・添加物メーカー,NYSE,○
III,インフォメーション　サービシズ　グループ,米国のコンサルティング会社,NASDAQ,○
IIIN,インスティール　インダストリーズ,米国のコンクリート建設用途向け鋼線補強製品メーカー,NYSE,○
IIIV,ｉ３　バーティカルズ,米国のソフトウェア・サービスプロバイダー,NASDAQ,○
ILMN,イルミナ,米国の遺伝子・ゲノム解析ツール会社,NASDAQ,○
IMKTA,イングルス　マーケッツ,スーパーマーケットチェーンを展開する米国の会社,NASDAQ,○
IMNM,イミュノーム,標的がん治療薬を開発する米国のバイオ医薬品会社,NASDAQ,○
IMRX,イミュー二ヤリング,米国の臨床段階のバイオ医薬品会社,NASDAQ,○
INBX,インヒブリックス　バイオサイエンシズ,米国の臨床段階のバイオ医薬品会社,NASDAQ,○
INCY,インサイト,米国のバイオ医薬品会社,NASDAQ,○
INDB,インディペンデント　バンク,マサチューセッツ州等で業務を行う米国の銀行持株会社,NASDAQ,○
INDI,インディー　セミコンダクター,車載用半導体・ソフトウェアを提供する米国の会社,NASDAQ,
INFIQ,インフィニティ　ファーマシューティカルズ,米国のバイオ医薬品会社,OTC,
INGN,イノジェン,呼吸器系を専門とする米国の医療技術会社,NASDAQ,○
INGR,イングレディオン,米国の澱粉・甘味料メーカー,NYSE,○
INKT,ミンク　セラピューティクス,米国の臨床段階のバイオ医薬品会社,NASDAQ,○
INMD,インモード,イスラエルの医療機器メーカー,NASDAQ,○
INOD,イノデータ,米国のデータエンジニアリング会社,NASDAQ,○
INSP,インスパイア　メディカル　システムズ,米国の医療機器メーカー,NYSE,○
INSW,インターナショナル　シーウェイズ,原油・石油精製品の輸送船を運航する米国の海運会社,NYSE,○
INTC,インテル,米国の半導体メーカー,NASDAQ,○
INTU,インチュイト,金融テクノロジープラットフォームを提供する米国企業,NASDAQ,○
INVA,イノヴィヴァ,医薬品の資産管理に取り組む米国の持株会社,NASDAQ,○
INVE,アイデンティブ,RFID対応IoTソリューションを提供する米国企業,NASDAQ,
INVX,イノベックス　インターナショナル,油田の掘削機械・生産設備を扱う米国のメーカー,NYSE,○
IONS,アイオニス　ファーマシューティカルズ,米国のバイオ医薬品会社,NASDAQ,○
IOSP,イノスペック,特殊化学品を開発・製造・販売する米国の会社,NASDAQ,○
IP,インターナショナル　ペーパー,米国の製紙会社,NYSE,○
IPAR,インター　パヒュームズ,フレグランスと関連製品を製造・販売する米国の会社,NASDAQ,○
IPGP,ＩＰＧ　フォトニクス,高出力ファイバーレーザーと増幅器を提供する米国企業,NASDAQ,○
IPI,イントレピッド　ポタッシュ,米国の鉱物関連サービス会社,NYSE,○
IPM,インテリジェント　プロテクション　マネジメント,米国のマネージドテクノロジーソリューション提供会社,NASDAQ,
IPWR,アイディール　パワー,双方向半導体パワースイッチを開発・提供する米国企業,NASDAQ,
IQV,ＩＱＶＩＡ　ホールディングス,米国の医療テクノロジーサービス会社,NYSE,○
IR,インガーソール　ランド,産業・エネルギー・医療等向け機器を製造する米国企業,NYSE,○
IRDM,イリジウム　コミュニケーションズ,音声・データ衛星通信ネットワークを提供する米国企業,NASDAQ,○
IRMD,アイラディメッド,MRI対応医療機器・関連製品を提供する米国の会社,NASDAQ,○
IRTC,アイリズム　ホールディングス,米国のデジタル医療技術会社,NASDAQ,○
ISRG,インテューイティブ　サージカル,低侵襲医療技術を開発する米国の会社,NASDAQ,○
ISSC,イノベイティブ　ソリューションズ　アンド　サポート,高度な航空電子機器ソリューションを提供する米国企業,NASDAQ,○
IT,ガートナー,米国のリサーチ・アドバイザリー会社,NYSE,○
ITGR,インテジャー　ホールディングス,米国の医療機器開発・製造受託機関(CDMO),NYSE,○
ITRI,アイトロン,インフラ向けIoTソリューションを提供する米国の会社,NASDAQ,○
ITT,ＩＴＴ,米国の工業用部品メーカー,NYSE,○
ITW,イリノイ　ツールワークス,米国の工業用製品・機器メーカー,NYSE,○
IVVD,インビビッド,米国の臨床段階のバイオ医薬品会社,NASDAQ,
IVZ,インベスコ,個人・機関投資家向け米国の独立系投資運用会社,NYSE,○
J,ジェイコブズ　ソリューションズ,専門技術サービスを提供する米国の会社,NYSE,○
JACK,ジャック　イン　ザ　ボックス,米国のファストフードチェーン店,NASDAQ,○
JAZZ,ジャズ　ファーマシューティカルズ,革新的治療薬を開発するアイルランドの医薬品会社,NASDAQ,○
JBHT,Ｊ．Ｂ．　ハント　トランスポート　サービシズ,米国の陸上輸送・物流サービス持株会社,NASDAQ,○
JBL,ジェイビル,電子機器製造・製品管理サービスを提供する米国の会社,NYSE,○
JCI,ジョンソン　コントロールズ　インターナショナル,アイルランドの建物関連製品・システムメーカー,NYSE,○
JEF,ジェフリーズ・ファイナンシャル・グループ,投資銀行業務を行う米国の金融サービス会社,NYSE,○
JELD,ジェルド－ウェン　ホールディング,ドア・窓・関連建築製品の製造・販売を行う米国の会社,NYSE,
JHG,ジャナス　ヘンダーソン　グループ,英国の独立系資産運用会社,NYSE,○
JHX,ジェームス　ハーディー　インダストリーズ,アイルランドのファイバーセメント建材メーカー,NYSE,○
JJSF,Ｊ＆Ｊ　スナック　フーズ,米国のスナック食品メーカー,NASDAQ,○
JKHY,ジャック　ヘンリー　アンド　アソシエーツ,金融テクノロジーソリューションを提供する米国の会社,NASDAQ,○
JLL,ジョーンズ　ラング　ラサール,米国の商業用不動産サービスおよび投資運用会社,NYSE,○
JNJ,ジョンソン　＆　ジョンソン,米国の医薬品・医療機器メーカー,NYSE,○
JOE,セントジョー,不動産開発・資産管理等を営む米国の不動産会社,NYSE,○
JPM,ＪＰモルガン　チェース,金融サービスを提供する米国の持株会社,NYSE,○
JRSH,ジェラシュ　ホールディングス　（ＵＳ）,スポーツウェアを主流とする米国の衣料品メーカー,NASDAQ,
JRVR,ジェームズ　リバー　グループ　ホールディングス,専門保険会社を所有・運営する米国の保険持株会社,NASDAQ,○
JXN,ジャクソン　フィナンシャル,米国の金融サービス会社,NYSE,○
JYNT,ジョイント,カイロプラクティック診療所を運営する米国の会社,NASDAQ,○
KALU,カイザー　アルミニウム,特殊アルミニウム半製品を製造・販売する米国の会社,NASDAQ,○
OPLN,オープンレーン,米国の中古車デジタル卸売マーケットプレイス運営会社,NYSE,○
KBH,ＫＢ　ホーム,米国の住宅建設会社,NYSE,○
KBR,ＫＢＲ,米国のITサービス会社,NYSE,○
KD,キンドリル　ホールディングス,ITインフラサービスを提供する米国の会社,NYSE,○
KDP,キューリグ・ドクターペッパー,米国の清涼飲料メーカー,NASDAQ,○
KE,キンボール　エレクトロニクス,電子機器製造・受託製造サービスを提供する米国の会社,NASDAQ,○
KEX,カービー,米国内でバージ輸送を行う海運会社,NYSE,○
KEY,キーコープ,米国の銀行系金融サービス持株会社,NYSE,○
KEYS,キーサイト　テクノロジー,米国の電子計測機器メーカー,NYSE,○
KFRC,Ｋフォース,専門スキルを有した人材を派遣する米国の会社,NYSE,○
KFS,キングスウェイ　ファイナンシャル　サービシズ,延長保証とビジネスサービス子会社を持つ米国の持株会社,NYSE,○
KHC,クラフト　ハインツ,米国の食品・飲料メーカー,NASDAQ,○
KIDS,オーソピディアトリックス,米国の医療機器メーカー,NASDAQ,○
KLAC,ＫＬＡ,米国のプロセスコントロールシステムサプライヤー,NASDAQ,○
KLIC,キューリッキ　アンド　ソファ　インダストリーズ,シンガポールの半導体・電子機器組立ソリューション会社,NASDAQ,○
KLRS,カラリス　セラピューティクス,米国の臨床段階のバイオ医薬品会社,NASDAQ,○
KMB,キンバリー－クラーク,米国のティッシュ製品・衛生用品メーカー,NASDAQ,○
KMI,キンダー　モルガン,米国のエネルギーインフラストラクチャ会社,NYSE,○
KMPR,ケンパー,米国の保険持株会社,NYSE,○
KMT,ケナメタル,金属加工製品などを扱う米国のメーカー,NYSE,○
KMX,カーマックス,米国の中古車小売業者,NYSE,○
KNF,ナイフ　リバー,米国の建設資材・建設請負事業会社,NYSE,○
KNX,ナイト－スイフト　トランスポーテーション　ホールディングス,米国の貨物輸送会社,NYSE,○
KO,コカ　コーラ,米国の総合飲料会社,NYSE,○
KOD,コディアック　サイエンシズ,米国の臨床段階のバイオ医薬品会社,NASDAQ,○
KOP,コパーズ　ホールディングス,米国の木材処理製品・炭素化合物メーカー,NYSE,○
KOS,コスモス　エナジー,米国の石油・ガスの探鉱・生産会社,NYSE,
KR,クローガー,スーパーマーケットを運営する米国の会社,NYSE,○
KRNT,コーニット　デジタル,デジタルプリント機械を扱うイスラエルのメーカー,NASDAQ,○
KROS,ケロス　セラピューティクス,米国の臨床段階のバイオ医薬品会社,NASDAQ,○
KRUS,くら寿司　ＵＳＡ,米国の回転寿司レストラン運営会社,NASDAQ,○
KRYS,クリスタル　バイオテック,米国のバイオ医薬品会社,NASDAQ,○
KSS,コールズ,百貨店チェーンを運営する米国の会社,NYSE,○
KTB,コントゥール　ブランズ,米国のアパレルメーカー,NYSE,○
KXIN,カイシン　ホールディングス,中国のAI主導のテクノロジー企業,NASDAQ,
KYMR,キメラ　セラピューティクス,米国の臨床段階のバイオテクノロジー会社,NASDAQ,○
KZR,ケザー　ライフ　サイエンシズ,米国の臨床段階のバイオ医薬品会社,NASDAQ,○
L,ロウズ,商業用損害保険等を手掛ける米国の多角経営持株会社,NYSE,○
LAC,リチウム　アメリカズ,カナダの資源・素材会社,NYSE,○
LAD,リチア　モーターズ,米国の自動車小売業者,NYSE,○
LAR,リチウム　アルゼンチン,炭酸リチウムの生産に取り組むスイスの会社,NYSE,○
LAUR,ロレッテ　エデュケーション,高等教育サービスを提供する米国の会社,NASDAQ,○
LAW,ＣＳ　ディスコ,法務関連ソリューションを扱う米国のソフトウェア会社,NYSE,○
LC,レンディング　クラブ,米国のオンライン金融サービス会社,NYSE,○
LCID,ルーシッド　グループ,米国の電気自動車メーカー,NASDAQ,○
LCII,ＬＣＩ　インダストリーズ,米国の自動車部品・建築用部品メーカー,NYSE,○
LCUT,ライフタイム　ブランズ,米国の家庭用品メーカー,NASDAQ,
LDOS,レイドス　ホールディングス,米国の科学・エンジニアリング・情報技術持株会社,NYSE,○
LEA,リア,米国の自動車部品・配電システムメーカー,NYSE,○
LECO,リンカーン　エレクトリック　ホールディングス,米国の溶接・切断・ろう付け製品総合メーカー,NASDAQ,○
LEG,レゲット　＆　プラット,米国のエンジニアリング部品・製品メーカー,NYSE,○
LEN,レナー　Ａ,米国の住宅建設会社,NYSE,○
LEU,セントラス　エナジー,米国のエネルギー関連サービス会社,NYSE,○
LEVI,リーバイ　ストラウス,ジーンズを主流とする衣料品を扱う米国のメーカー,NYSE,○
LFUS,リテルヒューズ,米国の産業技術製造会社,NASDAQ,○
LFWD,ライフワード,米国の医療機器メーカー,NASDAQ,
LGL,ＬＧＬ　グループ,産業用電子機器製造などに従事する米国の持株会社,NYSE American,○
LGND,リガンド　ファーマシューティカルズ,米国のバイオ医薬品会社,NASDAQ,○
LH,ラブコープ　ホールディングス,米国の医療検査サービス会社,NYSE,○
LHX,Ｌ３ハリステクノロジーズ,米国の航空宇宙・防衛テクノロジー企業,NYSE,○
LII,レノックス　インターナショナル,空調設備を製造する米国の会社,NYSE,○
LILAK,リバティ　ラテン　アメリカ,バミューダ諸島の電気通信会社,NASDAQ,○
LIN,リンデ,産業用ガス生産・処理サービスを提供する米国の会社,NASDAQ,○
LITE,ルメンタム　ホールディングス,光学・フォトニクス製品を設計・製造する米国の会社,NASDAQ,○
LIVN,リヴァノヴァ,英国の医療機器メーカー,NASDAQ,○
LKFN,レイクランド　ファイナンシャル,主にインディアナ州で業務を行う米国の銀行持株会社,NASDAQ,○
LKQ,ＬＫＱ,米国の自動車交換部品・関連製品販売会社,NASDAQ,○
LLY,イーライ　リリー,ヒト用医薬品を開発・製造・販売する米国の製薬会社,NYSE,○
LMAT,ルメイトレ　ヴァスキュラー,米国の医療機器メーカー,NASDAQ,○
LMND,レモネード,デジタル技術を活用した保険を提供する米国の会社,NYSE,○
LMT,ロッキード　マーチン,米国の航空宇宙・防衛技術企業,NYSE,○
LNC,リンカーン　ナショナル,米国の保険・退職金事業会社,NYSE,○
LNT,アライアント　エナジー,米国の公益事業サービス持株会社,NASDAQ,○
LNTH,ランセウス　ホールディングス,米国のバイオ医薬品会社,NASDAQ,○
LNWO,ライト　＆　ワンダー,米国のゲーム開発会社,OTC,
LOB,ライブ　オーク　バンクシェアズ,米国の銀行持株会社,NYSE,○
LOGC,コンテクストロジック　ホールディングス,マーケットプレイスサービスを提供する米国の会社,OTC,
LOGI,ロジテック　インターナショナル,ハードウェアソリューションを手掛けるスイスの会社,NASDAQ,○
LOPE,グランド　キャニオン　エデュケーション,米国の大学向け教育サービス会社,NASDAQ,○
LOW,ロウズ　カンパニーズ,ホームセンターを運営する米国の会社,NYSE,○
LPLA,ＬＰＬ　ファイナンシャル　ホールディングス,米国のブローカーディーラー・投資顧問会社,NASDAQ,○
CYPH,サイファーパンク　テクノロジーズ,癌治療法開発とデジタル資産運用戦略を推進する米国企業,NASDAQ,
LPX,ルイジアナ－パシフィック,建築用加工木材製品を開発・製造する米国の会社,NYSE,○
LQDT,リクイディティ　サービシズ,オンラインオークションサイトを運営する米国の会社,NASDAQ,○
LRCX,ラム　リサーチ,半導体のウェーハ製造装置を設計・製造する米国の会社,NASDAQ,○
LRMR,ラリマー　セラピューティクス,米国の臨床段階のバイオテクノロジー会社,NASDAQ,
LRN,ストライド,オンライン学習プラットフォームを提供する米国の会社,NYSE,○
LSCC,ラティス　セミコンダクター,半導体を扱う米国のメーカー,NASDAQ,○
LSPD,ライトスピード　コマース,POS・決済プラットフォームを提供するカナダの会社,NYSE,○
LSTR,ランドスター　システム,米国の輸送・物流サービス会社,NASDAQ,○
LTCH,ラッチ,エンタープライズテクノロジーに取り組む米国の会社,OTC,
LTRX,ラントロニクス,エッジAI・産業用IoTソリューションに携わる米国企業,NASDAQ,○
LUCD,ルシード　ダイアグノスティクス,米国の商業段階の医療診断技術会社,NASDAQ,
LULU,ルルレモン　アスレティカ,スポーツアパレル製品を販売するカナダの会社,NASDAQ,○
LUMN,ルーメン　テクノロジーズ,デジタルネットワークサービスを提供する米国の会社,NYSE,○
LUV,サウスウエスト　エアラインズ,米国の国内・近隣諸国向け旅客航空会社,NYSE,○
LVS,ラスベガス　サンズ,米国の統合型リゾート開発・運営会社,NYSE,○
LW,ラム　ウェストン　ホールディングス,冷凍ポテト製品を製造・販売する米国の会社,NYSE,○
LWLG,ライトウェーブ　ロジック,米国のテクノロジープラットフォーム会社,NASDAQ,
LXU,ＬＳＢ　インダストリーズ,米国の化学製品メーカー,NYSE,○
LYB,ライオンデルバセル　インダストリーズ,英国の化学品メーカー,NYSE,○
LYFT,リフト,米国のライドシェアリングサービス会社,NASDAQ,○
LYV,ライブ　ネイション　エンターテインメント,米国のライブエンターテインメント会社,NYSE,○
LZB,レイジーボーイ,米国の住宅用家具メーカー,NYSE,○
M,メーシーズ,米国の大手百貨店,NYSE,○
MA,マスターカード,米国の決済サービス会社,NYSE,○
MAGN,マグネラ,米国の複合繊維・不織布メーカー,NYSE,○
MAN,マンパワーグループ,人材派遣と正社員採用を支援する米国の就職支援会社,NYSE,○
MANH,マンハッタン　アソシエイツ,米国のサプライチェーン向けITサービス会社,NASDAQ,○
MANU,マンチェスター　ユナイテッド,英国のプロサッカーチーム法人組織,NYSE,○
MAR,マリオット　インターナショナル　Ａ,米国のホテルチェーン運営会社,NASDAQ,○
MARA,マラ　ホールディングス,デジタルエネルギーインフラを手掛ける米国の会社,NASDAQ,○
MAS,マスコ,米国の住宅・建築用品メーカー,NYSE,○
MASI,マシモ,医療技術とサービスを提供する米国の会社,NASDAQ,○
MAT,マテル,米国の玩具と家族向けエンターテインメント会社,NASDAQ,○
MATV,マティヴ　ホールディングス,米国の特殊素材メーカー,NYSE,○
MATW,マシューズ　インターナショナル,記念品・産業技術事業に携わる米国の会社,NASDAQ,○
MATX,マトソン,海上輸送および物流サービスを提供する米国の海運会社,NYSE,○
MAX,メディアアルファ,保険仲介のプラットフォームを提供する米国の会社,NYSE,○
MBC,マスターブランド,米国の住宅用家具メーカー,NYSE,○
MBUU,マリブ　ボーツ,米国のレクリエーション用パワーボートメーカー,NASDAQ,○
MC,モーリス,米国の独立系投資銀行,NYSE,○
MCB,メトロポリタン　バンク　ホールディング,米国の銀行持株会社,NYSE,○
MCBS,メトロシティ　バンクシェアズ,米国の銀行持株会社,NASDAQ,○
MCD,マクドナルド,ファーストフードレストランを展開する米国の会社,NYSE,○
MCHP,マイクロチップ　テクノロジー,米国の半導体製品メーカー,NASDAQ,○
MCHX,マーチェックス,AIと会話型インテリジェンスを提供する米国の会社,NASDAQ,
MCK,マケッソン,ヘルスケアサービスを提供する米国の会社,NYSE,○
MCO,ムーディーズ,米国の信用格付け会社,NYSE,○
MCOM,マイクロモビリティドットコム,シェア型マイクロモビリティを提供する米国の会社,OTC,
MCRI,モナーク　カジノ　＆　リゾート,カジノ娯楽施設を運営する米国の会社,NASDAQ,○
MCY,マーキュリー　ゼネラル,米国の保険持株会社,NYSE,○
MDB,モンゴＤＢ,開発者向けデータプラットフォームを提供する米国の会社,NASDAQ,○
MDGL,マドリガル　ファーマシューティカルズ,米国のバイオ医薬品会社,NASDAQ,○
MDIA,メディアコ　ホールディング,ラジオ局を所有・運営する米国のマルチメディア会社,NASDAQ,
MDLZ,モンダリーズ　インターナショナル,米国のスナック菓子・飲料メーカー,NASDAQ,○
MDT,メドトロニック,アイルランドのヘルスケアテクノロジー企業,NYSE,○
MDU,ＭＤＵ　リソーシズ　グループ,米国のエネルギー供給サービス会社,NYSE,○
MED,メディファスト,健康・ウェルネス関連製品・サービスに携わる米国の会社,NYSE,○
MEDP,メッドペース　ホールディングス,米国の医薬品開発業務受託機関(CRO),NASDAQ,○
MEG,モントローズ　エンバイロメンタル　グループ,環境サービスを提供する米国の会社,NYSE,○
MEI,メソッド　エレクトロニクス,米国のメカトロニクス製品メーカー,NYSE,○
MELI,メルカドリブレ,ウルグアイのオンライン商取引会社,NASDAQ,○
RJET,リパブリック　エアウェイズ　ホールディングス,北米・中米に就航する米国の航空会社,NASDAQ,
MET,メットライフ,米国の金融サービス会社,NYSE,○
META,メタ　プラットフォームズ,Facebook運営・メタバース開発に取り組む米国のIT企業,NASDAQ,○
METC,ラマコ　リソーシズ　Ａ,冶金用石炭とレアアースを開発する米国の会社,NASDAQ,○
METCB,ラマコ　リソーシズ　Ｂ,冶金用石炭とレアアースを開発する米国の会社,NASDAQ,○
MFC,マニュライフ　ファイナンシャル,カナダの金融サービス会社,NYSE,○
MGA,マグナ　インターナショナル,カナダの自動車部品メーカー,NYSE,○
MGEE,ＭＧＥ　エナジー,エネルギー関連サービスを提供する米国の公益事業会社,NASDAQ,○
MGM,ＭＧＭ　リゾーツ　インターナショナル,米国のゲーミング・エンターテインメント会社,NYSE,○
MGPI,ＭＧＰ　イングリディエンツ,蒸留酒を製造販売する米国の会社,NASDAQ,○
MGY,マグノリア　オイル　＆　ガス,原油・天然ガス事業を行う米国の会社,NYSE,○
MHH,マステック　デジタル,米国のITサービス会社,NYSE American,○
MHK,モホーク　インダストリーズ,米国のフローリング製造会社,NYSE,○
MIAX,マイアミ　インターナショナル　ホールディングス,規制対象金融市場の構築と運営に従事する米国の会社,NYSE,○
MIDD,ミドルバイ,米国の厨房機器メーカー,NASDAQ,○
MIRM,ミラム　ファーマシューティカルズ,米国のバイオ医薬品会社,NASDAQ,○
MKC,マコーミック　議決権なし,米国のスパイスメーカー,NYSE,○
MKL,マーケル　グループ,米国のスペシャルティ保険サービス会社,NYSE,○
MKSI,ＭＫＳ,米国の産業機器メーカー,NASDAQ,○
MKTX,マーケットアクセス　ホールディングス,電子証券取引プラットフォームを運営する米国の会社,NASDAQ,○
MLAB,メサ　ラボラトリーズ,ライフサイエンスツール・品質管理製品を扱う米国企業,NASDAQ,○
MLI,ミューラー　インダストリーズ,銅・真鍮製品などを扱う米国のメーカー,NYSE,○
MLKN,ミラーノル,オフィス用・家庭用家具を製造・販売する米国の会社,NASDAQ,○
MLM,マーチン　マリエッタ　マテリアルズ,天然資源ベースの建築資材を供給する米国の会社,NYSE,○
MRSH,マーシュ,保険仲介・リスク管理サービスを提供する米国の会社,NYSE,○
MMM,３Ｍ,多分野に革新的な製品・サービスを提供する米国の会社,NYSE,○
MMS,マキシマス,政府機関向けテクノロジーサービスを提供する米国企業,NYSE,○
MMSI,メリット　メディカル　システムズ,米国の医療機器メーカー,NASDAQ,○
MMYT,メイクマイトリップ,オンライン旅行サービスを提供するインドの会社,NASDAQ,○
MNDY,マンデイ　ドットコム,業務管理ソフトを提供するイスラエルの会社,NASDAQ,○
MNRO,モンロ,自動車整備と部品販売を行う米国の会社,NASDAQ,○
MNST,モンスター　ビバレッジ,米国のエナジードリンクメーカー,NASDAQ,○
MNTK,モントーク　リニューアブルス,再生可能エネルギー事業に取り組む米国の会社,NASDAQ,
MO,アルトリア　グループ,タバコの製造・販売を行う米国の持株会社,NYSE,○
CALY,キャロウェイ　ゴルフ,米国のゴルフ用品メーカー,NYSE,○
MOH,モリーナ　ヘルスケア,マネージドヘルスケアサービスを提供する米国の会社,NYSE,○
MORN,モーニングスター,米国の投資情報サービス会社,NASDAQ,○
MOS,モザイク,米国の作物用栄養剤・動物用飼料原料メーカー,NYSE,○
MOV,モバード　グループ,米国の時計メーカー,NYSE,○
MP,ＭＰ　マテリアルズ,レアアースの採掘・加工施設を運営する米国の会社,NYSE,○
MPC,マラソン　ペトロレアム,原油精製・精油販売を行う米国の石油卸売会社,NYSE,○
MPTI,Ｍ－トロン　インダストリーズ,周波数・スペクトル制御製品を設計・製造する米国企業,NYSE,○
MPU,メガ　マトリックス,シンガポールのFlexTVプラットフォーム運営会社,NYSE American,
MPWR,モノリシック　パワー　システムズ,米国の半導体関連向け精密機器ファブレス企業,NASDAQ,○
MQ,マルケタ,クラウドベースの決済インフラを提供する米国の会社,NASDAQ,
MRCY,マーキュリー　システムズ,米国の処理システムメーカー,NASDAQ,○
MRK,メルク,医薬品やワクチンを開発・提供する米国の会社,NYSE,○
MRNA,モデルナ,米国のバイオテクノロジー会社,NASDAQ,○
MRP,ミルローズ　プロパティーズ,土地開発活動に資金を提供する米国の不動産会社,NYSE,○
MRVI,マラバイ　ライフサイエンシズ　ホールデイングス,バイオ医薬品開発を推進する製品を提供する米国の会社,NASDAQ,
MRVL,マーベル　テクノロジー,米国のファブレス半導体サプライヤー,NASDAQ,○
MS,モルガン　スタンレー,米国の金融持株会社,NYSE,○
MSCI,ＭＳＣＩ,投資判断ツールとサービスを提供する米国の会社,NYSE,○
MSEX,ミドルセックス　ウォーター,上下水道サービスを提供する米国の水道会社,NASDAQ,○
MSFT,マイクロソフト,ソフトウェア・デバイスを開発・提供する米国のIT会社,NASDAQ,○
MSGE,マディソン　スクエア　ガーデン　エンターテインメント,米国のライブエンターテインメント会社,NYSE,○
MSGS,マディソン　スクエア　ガーデン　スポーツ,スポーツのプロフランチャイズチームを保有・運営する米国の企業,NYSE,○
MSI,モトローラ　ソリューションズ,通信ソフトとセキュリティ対策を提供する米国の会社,NYSE,○
MSM,ＭＳＣ　インダストリアル　ダイレクト,金属加工・修理製品とサービスを提供する米国の会社,NYSE,○
MSTR,ストラテジー,米国のビットコイン事業会社,NASDAQ,○
MTB,Ｍ＆Ｔ　バンク,米国の銀行持株会社,NYSE,○
MTCH,マッチ　グループ,出会い系サイトを運営する米国の会社,NASDAQ,○
MTD,メトラートレド　インターナショナル,米国の精密機器メーカー,NYSE,○
MTDR,マタドール　リソーシズ,米国のエネルギー会社,NYSE,○
MTEX,マナテック,ウェルネスソリューションを提供する米国の会社,NASDAQ,○
MTN,ベイル　リゾーツ,山岳リゾートとスキー場を運営する米国の会社,NYSE,○
MTSI,ＭＡＣＯＭ　テクノロジー　ソリューションズ　ホールディングス,半導体・電子通信機器を扱う米国のメーカー,NASDAQ,○
MTUS,メタルス,高性能特殊金属を製造する米国の会社,NYSE,○
MTVA,メタヴィア,米国の臨床段階のバイオテクノロジー会社,NASDAQ,
MTZ,マステック,米国のインフラ建設会社,NYSE,○
MU,マイクロン　テクノロジー,メモリ・ストレージ製品を扱う米国の半導体メーカー,NASDAQ,○
MUR,マーフィー　オイル,石油・天然ガスの探鉱・生産を行う米国の持株会社,NYSE,○
MUSA,マーフィー　ＵＳＡ,米国のガソリンスタンド運営会社,NYSE,○
MWA,ミューラー　ウォーター　プロダクツ,米国の水道部品メーカー,NYSE,○
MXL,マックスリニア,米国のファブレス集積回路設計会社,NASDAQ,○
MYE,マイヤーズ　インダストリーズ,持続可能なプラスチック・金属製品を製造する米国企業,NYSE,○
MYO,マイオモ,米国の医療器具メーカー,NYSE American,
MYSE,マイセウム．ＡＩ,米国のソーシャルメディアテクノロジー会社,NASDAQ,
MZTI,マルツェッティ,米国の専門食品メーカー,NASDAQ,○
NABL,Ｎエイブル,企業のDXを支援するソフトウェアを提供する米国の会社,NYSE,○
FEED,エンビュー　メディカル,米国の医療技術会社,NASDAQ,
NATL,ＮＣＲ　アトレオス,米国の金融テクノロジー会社,NYSE,○
NAVI,ナビエント,教育金融・業務処理ソリューションを扱う米国の会社,NASDAQ,○
NBIS,ネビウス　グループ,AI関連技術・サービスを提供するオランダの会社,NASDAQ,○
NBIX,ニューロクライン　バイオサイエンシズ,神経科学に重点を置く米国のバイオ医薬品会社,NASDAQ,○
NCLH,ノルウェージャン　クルーズ　ライン　ホールディングス,米国のクルーズ会社,NYSE,○
NCNO,エヌシノ,金融機関向けのクラウドソフトを提供する米国の会社,NASDAQ,○
NDAQ,ナスダック,米国の証券取引所運営会社,NASDAQ,○
NDSN,ノードソン,米国の精密技術会社,NASDAQ,○
NEE,ネクステラ　エナジー,米国の電力・エネルギーインフラ企業,NYSE,○
NEGG,ニューエッグ　コマース,米国のテクノロジー製品分野のeコマース運営会社,NASDAQ,○
NEM,ニューモント,鉱山事業および金の生産・販売を行う米国の会社,NYSE,○
NEOG,ネオジェン,動物・食品安全関連製品とサービスを提供する米国企業,NASDAQ,○
NEON,ネオノード,光学センシング技術を手掛けるスウェーデンの会社,NASDAQ,
NET,クラウドフレア,接続クラウドを提供する米国の会社,NYSE,○
NFE,ニュー　フォートレス　エナジー,米国の液化天然ガス供給会社,NASDAQ,
NFG,ナショナル　フュエル　ガス,天然ガスの探査・生産を手掛ける米国のエネルギー会社,NYSE,○
NFLX,ネットフリックス,米国のエンターテインメントサービス会社,NASDAQ,○
NGVT,インジェビティ,米国の機能性材料・化学品メーカー,NYSE,○
NI,ナイソース,天然ガス・電気を供給する米国の公益事業会社,NYSE,○
NJR,ニュージャージー　リソーシズ,米国の天然ガス・クリーンエネルギーサービス持株会社,NYSE,○
NKE,ナイキ,スポーツ用品・アパレルを開発・提供する米国の会社,NYSE,○
NKTR,ネクター　セラピューティクス,米国の臨床段階のバイオ医薬品会社,NASDAQ,○
NMIH,ＮＭＩ　ホールディングス,米国のモーゲージ保険会社,NASDAQ,○
NMTRQ,９　メーターズ　バイオファーマ,米国の臨床段階のバイオ医薬品会社,OTC,
NNVC,ナノビリサイズ,米国の臨床段階のバイオ医薬品会社,NYSE American,
NOC,ノースロップ　グラマン,米国の航空宇宙・防衛技術会社,NYSE,○
NOTV,イノティヴ,創薬・開発サービスを提供する米国の会社,NASDAQ,
NOV,エヌオーブイ,石油・ガスの掘削・生産機器を提供する米国の会社,NYSE,○
NOW,サービスナウ,ビジネス向けAIプラットフォームを提供する米国の会社,NYSE,○
NRDE,ニューライド,商用小型電気自動車の開発・商業化に取り組む米国の会社,OTC,
NRG,ＮＲＧ　エナジー,米国の電力・エネルギー会社,NYSE,○
NRIX,ニューリックス　セラピューティクス,米国の臨床段階のバイオ医薬品会社,NASDAQ,○
NSC,ノーフォーク　サザン,米国の鉄道貨物輸送会社,NYSE,○
NSIT,インサイト　エンタープライゼス,米国のITサービス会社,NASDAQ,○
NSP,インスペリティー,中小企業向けに人事サービスを提供する米国の企業,NYSE,○
NSSC,ナプコ　セキュリティ　テクノロジーズ,米国のハイテク電子セキュリティ機器メーカー,NASDAQ,○
NTAP,ネットアップ,米国のデータインフラ企業,NASDAQ,○
NTB,バンク　オブ　Ｎ．Ｔ．　バターフィールド　＆　サン,バミューダ諸島の銀行・資産管理持株会社,NYSE,○
NTCT,ネットスカウト　システムズ,サイバーセキュリティソリューションに携わる米国企業,NASDAQ,○
NTLA,インテリア　セラピューティクス,米国の臨床段階のバイオ医薬品会社,NASDAQ,○
NTNX,ニュータニックス,企業向けクラウドプラットフォームを提供する米国の会社,NASDAQ,○
NTR,ニュートリエン,化学肥料を製造するカナダの会社,NYSE,○
NTRA,ナテラ,遺伝子検査・診断技術を提供する米国の会社,NASDAQ,○
NTRS,ノーザン　トラスト,米国の金融持株会社,NASDAQ,○
NUE,ニューコア,米国の鉄鋼メーカー,NYSE,○
NUS,ニュー　スキン　エンタープライズ,美容・健康関連商品を開発・提供する米国の会社,NYSE,○
NUVL,ニューバレント,米国の臨床段階のバイオ医薬品会社,NASDAQ,○
NVAX,ノババックス,米国のバイオテクノロジー会社,NASDAQ,○
NVCR,ノボキュア,英国の医療機器メーカー,NASDAQ,○
NVDA,エヌビディア,米国の半導体ファブレス企業,NASDAQ,○
NVMI,ノヴァ,高性能計測ソリューションを提供するイスラエルの会社,NASDAQ,○
NVR,ＮＶＲ,米国の住宅建設会社,NYSE,○
NVST,エンビスタ　ホールディングス,歯科向けソリューションを開発・製造する米国の会社,NYSE,○
NVT,エヌベント　エレクトリック,電気機器の接続・保護製品を扱う英国のメーカー,NYSE,○
NWBI,ノースウエスト　バンクシェアーズ,米国の銀行持株会社,NASDAQ,○
NWE,ノースウェスタン　エナジー　グループ,エネルギー関連公益事業を営む米国の持株会社,NASDAQ,○
NWL,ニューウェル　ブランズ,米国の消費財メーカー,NASDAQ,
NWN,ノースウエスト　ナチュラル　ホールディング,天然ガス供給に携わる米国の公益事業持株会社,NYSE,○
NWS,ニューズ　コーポレーション,米国の総合メディア・情報サービス会社,NASDAQ,○
NWSA,ニューズ　コーポレーション　Ａ,米国の総合メディア・情報サービス会社,NASDAQ,○
NX,クアネックス　ビルディング　プロダクツ,建築部材を扱う米国のメーカー,NYSE,○
NXPI,ＮＸＰ　セミコンダクターズ,オランダの半導体メーカー,NASDAQ,○
NXST,ネクスター　メディア　グループ,米国の放送事業・デジタルメディア事業会社,NASDAQ,○
NXT,ネクストパワー,太陽光発電ソリューションを提供する米国の会社,NASDAQ,○
NYMXF,ナイモックス　ファーマシューティカル,カナダのバイオ医薬品会社,OTC,
NYT,ニューヨーク　タイムズ,米国の多角的なメディア企業,NYSE,○
OABI,オムニアブ,創薬研究技術を提供する米国の会社,NASDAQ,
OC,オーウェンス　コーニング,米国の建築資材メーカー,NYSE,○
ORBS,エイトコ　ホールディングス,戦略的なテクノロジーの買収・管理を行う米国の会社,NASDAQ,
ODFL,オールド　ドミニオン　フレイト　ライン,小口貨物輸送を中核とする米国の運送会社,NASDAQ,○
OFG,ＯＦＧ　バンコープ,主にプエルトリコで業務を行う金融持株会社,NYSE,○
OFIX,オーソフィックス　メディカル,米国の医療機器メーカー,NASDAQ,○
OGE,ＯＧＥ　エナジー,電気事業を展開する米国の持株会社,NYSE,○
OGN,オルガノン,ウィメンズヘルス領域を主力とする米国の製薬会社,NYSE,○
OGS,ＯＮＥ　ガス,米国の天然ガス配給公益企業,NYSE,○
OKE,ワンオーク,天然ガスの中流事業を担う米国の会社,NYSE,○
OKTA,オクタ,米国のアイデンティティクラウド開発・提供会社,NASDAQ,○
OLED,ユニバーサル　ディスプレイ,有機発光ダイオード技術の開発を行う米国の会社,NASDAQ,○
OLLI,オリーズ　バーゲン　アウトレット　ホールディングス,低価格帯の小売チェーンを展開する米国の会社,NASDAQ,○
OLN,オーリン,化学製品・弾薬の製造・販売を行う米国の会社,NYSE,○
OLPX,オラプレックス　ホールディングス,科学的根拠に基づくヘアケア製品を提供する米国の会社,NASDAQ,
OM,アウトセット　メディカル,透析システムを提供する米国の医療技術企業,NASDAQ,
OMC,オムニコム　グループ,広告・セールスソリューションを提供する米国の会社,NYSE,○
OMCL,オムニセル,米国の医療関連サービス会社,NASDAQ,○
OMF,ワンメイン　ホールディングス,個人向けローンを提供する米国の金融サービス会社,NYSE,○
ACH,アクセンドラ　ヘルス,ヘルスケアソリューションを提供する米国の会社,NYSE,
ON,オン　セミコンダクター,米国の半導体メーカー,NASDAQ,○
ONON,オン　ホールディング,スイスのアスレチックスポーツウェア会社,NYSE,○
ONTO,オント　イノベーション,半導体業界向け計測・検査ツールを製造する米国の会社,NYSE,○
OPCH,オプション　ケア　ヘルス,輸液・在宅ケア管理サービスを提供する米国の会社,NASDAQ,○
OPEN,オープンドア　テクノロジーズ,米国の住宅用不動産取引プラットフォーム運営会社,NASDAQ,○
CFOR,オプジェン,米国の精密医療技術研究開発会社,OTC,
OPRT,オポルタン　ファイナンシャル,中低所得者向け米国の貸付金融会社,NASDAQ,○
OPRX,オプティマイズＲｘ,米国のデジタルヘルステクノロジー企業,NASDAQ,○
ORA,オーマット　テクノロジーズ,電力サービスを提供する米国の公益事業会社,NYSE,○
ORCL,オラクル,米国のソフトウェア会社,NYSE,○
ORI,オールド　リパブリック　インターナショナル,保険の引受と関連サービスを提供する米国の持株会社,NYSE,○
ORIC,オリック　ファーマシューティカルズ,米国の臨床段階のバイオ医薬品会社,NASDAQ,○
ORLY,オライリー　オートモーティブ,自動車用部品を販売する米国の会社,NASDAQ,○
ORMP,オラメド　ファーマシューティカルズ,米国の医薬品会社,NASDAQ,
OSCR,オスカー　ヘルス,米国のテクノロジーベースの健康保険会社,NYSE,○
OSK,オシュコシュ,米国の輸送用機器・特殊車両・トラック車両メーカー,NYSE,○
OSUR,オラシュア　テクノロジーズ,診断用デバイスを扱う米国の会社,NASDAQ,
OSW,ワンスパワールド　ホールディングス,バハマの健康サービス会社,NASDAQ,○
OTEX,オープン　テキスト,情報管理ソリューションを提供するカナダの会社,NASDAQ,○
OTIS,オーチス　ワールドワイド,米国のエレベーター・エスカレーターメーカー,NYSE,○
OTTR,オッター　テイル,電力事業・製造業など多角的事業展開する米国の持株会社,NASDAQ,○
OVV,オヴィンティヴ,米国のエネルギー会社,NYSE,○
OXBR,オックスブリッジ　リー　ホールディングス,再保険を取り扱うケイマン諸島の保険会社,NASDAQ,
OXY,オクシデンタル　ペトロリアム,石油・天然ガス事業を担う米国の会社,NYSE,○
OZK,バンクＯＺＫ,米国アーカンソー州公認のリテール・商業銀行持株会社,NASDAQ,○
PAAS,パン　アメリカン　シルバー,カナダの鉱業会社,NYSE,○
PACK,ランパック　ホールディングス,紙製の保護包装材を提供する米国の会社,NYSE,○
PAGS,パグセグロ　デジタル,ケイマン諸島のオンライン決済サービス会社,NYSE,○
PAMT,ＰＡＭＴ,トラック輸送サービスを提供する米国の会社,NASDAQ,○
PANW,パロ　アルト　ネットワークス,米国のAI・サイバーセキュリティ会社,NASDAQ,○
PAR,パー　テクノロジー,フードサービステクノロジーを提供する米国の会社,NYSE,○
PARR,パー　パシフィック　ホールディングス,米国のエネルギー企業,NYSE,○
PATH,Ｕｉパス,米国のエージェント型自動化プラットフォーム開発会社,NYSE,○
PATK,パトリック　インダストリーズ,建築資材の製造・販売する米国の会社,NASDAQ,○
PAVM,パヴメッド,米国の医療技術会社,NASDAQ,
PAYC,ペイコム　ソフトウェア,人材管理SaaSを提供する米国のIT会社,NYSE,○
PAYS,ペイサイン,米国のオンライン金融サービス会社,NASDAQ,○
PAYX,ペイチェックス,人的資本管理ソリューションを提供する米国の会社,NASDAQ,○
PB,プロスペリティ　バンクシェアーズ,テキサス州等で業務を行う米国の銀行持株会社,NYSE,○
PBF,ＰＢＦ　エナジー,石油精製所を運営する米国の持株会社,NYSE,○
PBH,プレステージ　コンシューマー　ヘルスケア,消費者向けヘルスケア製品を製造・販売する米国の会社,NYSE,○
PCAR,パッカー,米国のトラックメーカー,NASDAQ,○
PCB,ＰＣＢ　バンコープ,主にカリフォルニア州で業務を行う米国の金融持株会社,NASDAQ,○
PCG,パシフィック　ガス　＆　エレクトリック,電気・天然ガスを供給する米国の持株会社,NYSE,○
PCOR,プロコア　テクノロジーズ,建設管理ソリューションを提供する米国の会社,NYSE,○
PCRX,パシラ　バイオサイエンシズ,米国のバイオ医薬品会社,NASDAQ,○
PCTY,ペイロシティ　ホールディング,米国のソフトウェア会社,NASDAQ,○
PD,ページャーデューティー,デジタル業務管理プラットフォームを提供する米国企業,NYSE,○
PDFS,ＰＤＦ　ソリューションズ,半導体企業向けデータソリューションに携わる米国企業,NASDAQ,○
PDSB,ＰＤＳ　バイオテクノロジー,米国の臨床段階のバイオ医薬品会社,NASDAQ,
PEBO,ピープルズ　バンコープ,オハイオ州等で業務を行う米国の金融サービス持株会社,NASDAQ,○
PEG,パブリック　サービス　エンタープライズ　グループ,エネルギー事業を行う米国の持株会社,NYSE,○
PEGA,ペガシステムズ,米国のエンタープライズソフトウェア開発・販売会社,NASDAQ,○
PEN,ペナンブラ,神経・血管系機器を開発する米国の医療機器メーカー,NYSE,○
PENG,ペンギン　ソリューションズ,エンタープライズソリューションを提供する米国の会社,NASDAQ,○
PENN,ペン　エンターテインメント,エンターテインメント施設を運営する米国の会社,NASDAQ,○
PEP,ペプシコ,米国の飲料・食品メーカー,NASDAQ,○
PFE,ファイザー,米国のバイオ医薬品会社,NYSE,○
PFG,プリンシパル　ファイナンシャル　グループ,金融サービスを提供する米国の会社,NASDAQ,○
PFGC,パフォーマンス　フード　グループ,食料品を卸売りする米国の会社,NYSE,○
PFIS,ピープルズ　ファイナンシャル　サービシズ,ペンシルベニア州等で業務を行う米国の銀行持株会社,NASDAQ,○
PFS,プロビデント　ファイナンシャル　サービシズ,ニュージャージー州等で業務を行う米国の銀行持株会社,NYSE,○
PG,プロクター　＆　ギャンブル,様々なブランドの消費財を提供する米国の会社,NYSE,○
PGNY,プロジニー,米国の福利厚生管理サービス提供会社,NASDAQ,○
PGR,プログレッシブ　コープ,米国の保険持株会社,NYSE,○
PH,パーカーハネフィン,モーション・制御作動システムを製造・販売する米企業,NYSE,○
PHIN,フィニア,米国の燃料システム事業・アフターマーケット事業会社,NYSE,○
PHM,パルト　グループ,米国の住宅建設会社,NYSE,○
PHR,フリージア,医療系のソフトウェアを扱う米国の会社,NYSE,○
PI,インピンジ,ワイヤレス接続プラットフォームを提供する米国の会社,NASDAQ,○
PII,ポラリス,オフロード車や特殊車両を扱う米国の車両メーカー,NYSE,○
PINS,ピンタレスト,ビジュアル検索プラットフォームを提供する米国の会社,NYSE,○
PIPR,パイパー　サンドラー,米国の投資銀行及び機関投資家向け証券会社,NYSE,○
PJT,ＰＪＴ　パートナーズ,アドバイザリーサービスに特化した米国の投資銀行,NYSE,○
PKG,パッケージング　コープ　オブ　アメリカ,段ボール原紙・段ボール製品を製造する米国の会社,NYSE,○
PLAB,フォトロニクス,IC・FPD用のフォトマスクを製造する米国の会社,NASDAQ,○
PLAY,デイブ　＆　バスターズ　エンターテインメント,米国のエンターテインメント施設運営会社,NASDAQ,○
PLCE,チルドレンズ　プレイス,子供服を販売する米国の会社,NASDAQ,○
PLMR,パロマー　ホールディングス,損害保険を取り扱う米国の保険会社,NASDAQ,○
PLNT,プラネット　フィットネス,米国のフィットネスクラブ運営会社,NYSE,○
PLSE,パルス　バイオサイエンシズ,ナノパルス電気信号法医療技術を扱う米国の会社,NASDAQ,○
PLTK,プレイティカ　ホールディング,モバイルゲームを開発・運営するイスラエルの会社,NASDAQ,
PLTR,パランティア　テクノロジーズ,ソフトウェアプラットフォームを構築する米国の会社,NASDAQ,○
PLUG,プラグ　パワー,水素及び燃料電池システムを提供する米国のメーカー,NASDAQ,
PLUS,ｅプラス,ITテクノロジーソリューションを提供する米国の会社,NASDAQ,○
PLXS,プレクサス,高度に複雑な製品設計・製造・サービスに携わる米国企業,NASDAQ,○
PM,フィリップ　モリス　インターナショナル,米国のタバコメーカー,NYSE,○
PMDI,サイケメディクス,薬物確認検査を行う米国の会社,OTC,
PMTS,ＣＰＩ　カード　グループ,決済関連デジタルソリューションを提供する米国の会社,NASDAQ,○
PNC,ＰＮＣ　ファイナンシャル　サービシズ　グループ,米国の総合金融サービス持株会社,NYSE,○
PNFP,ピナクル　ファイナンシャル　パートナーズ,米国の金融持株会社,NYSE,○
PNR,ペンテア,住宅・商業用水ソリューションを提供する英国の会社,NYSE,○
PNW,ピナクル　ウエスト　キャピタル,電気供給事業を行う米国の持株会社,NYSE,○
PODD,インスレット,糖尿病に特化した米国の医療機器メーカー,NASDAQ,○
POOL,プール,米国のプール設備および関連屋外生活用品の卸売業者,NASDAQ,○
POR,ポートランド　ゼネラル　エレクトリック,電力サービスを提供する米国の公益事業会社,NYSE,○
POST,ポスト　ホールディングス,消費者向けパッケージ食品を提供する米国の持株会社,NYSE,○
POWI,パワー　インテグレーションズ,高電圧電力変換用半導体技術を提供する米国の会社,NASDAQ,○
PPC,ピルグリムズ　プライド,鶏肉・豚肉製品の生産・加工・販売を行う米国の会社,NASDAQ,○
PPG,ＰＰＧ　インダストリーズ,塗料・コーティング剤を製造・販売する米国の会社,NYSE,○
PPIH,パーマ－パイプ　インターナショナル　ホールディングス,パイプシステムを扱う米国のメーカー,NASDAQ,○
PPL,ピーピーエル,米国のエネルギー関連の公益事業持株会社,NYSE,○
PR,パーミアン　リソーシズ,米国の独立系石油・天然ガス開発会社,NYSE,○
PRA,プロアシュアランス,米国の損害保険・労災保険会社,NYSE,○
PRAA,ＰＲＡ　グループ,米国の金融ビジネスサービス会社,NASDAQ,○
PRCT,プロセプト　バイオロボティクス,外科用ロボットを開発・提供する米国の会社,NASDAQ,○
PRG,ＰＲＯＧ　ホールディングス,金融テクノロジーサービスを提供する米国の持株会社,NYSE,○
PRGO,ペリゴ,アイルランドの医薬品会社,NYSE,○
PRGS,プログレス　ソフトウェア,米国のソフトウェア会社,NASDAQ,○
PRI,プリメリカ,金融商品およびサービスを提供する米国の会社,NYSE,○
PRIM,プリモリス　サービシズ,インフラサービスを提供する米国の会社,NYSE,○
PRKS,ユナイテッド　パークス　＆　リゾーツ,米国のテーマパーク・エンターテインメント企業,NYSE,○
PRLB,プロト　ラブズ,カスタム部品のデジタル製造を手掛ける米国の会社,NYSE,○
PRLD,プレリュード　セラピューティクス,米国の臨床段階のバイオ医薬品会社,NASDAQ,
PRQR,プロＱＲ　セラピューティクス,稀少疾患治療を研究するオランダのバイオテクノロジー会社,NASDAQ,
PRTA,プロセナ,アイルランドの臨床段階のバイオテクノロジー会社,NASDAQ,○
PRU,プルデンシャル　ファイナンシャル,米国の金融サービス・投資運用会社,NYSE,○
PRVA,プリヴィア　ヘルス　グループ,医師支援プラットフォームを提供する米国の会社,NASDAQ,○
PSKY,パラマウント　スカイダンス,米国のメディア企業,NASDAQ,○
PSMT,プライススマート,会員制の低価格小売チェーンを展開する米国の会社,NASDAQ,○
PSN,パーソンズ,IT統合ソリューションを提供する米国の会社,NYSE,○
P,エバーピュア,ストレージソリューションを提供する米国の会社,NYSE,○
PSX,フィリップス６６,米国の総合エネルギー会社,NYSE,○
PTC,ＰＴＣ,米国のソフトウェア会社,NASDAQ,○
PTCT,ＰＴＣ　セラピューティクス,希少疾患の治療薬を開発する米国のバイオ医薬品会社,NASDAQ,○
PTEN,パターソン－ＵＴＩ　エナジー,石油・天然ガス掘削請負と関連事業を行う米国の会社,NASDAQ,○
PTON,ペロトン　インタラクティブ,米国のフィットネス・ウェルネス企業,NASDAQ,○
PVH,ＰＶＨ,米国のアパレルメーカー,NYSE,○
PVLA,パルベラ　セラピューティクス,米国の臨床段階のバイオ医薬品会社,NASDAQ,○
PWR,クアンタ　サービシーズ,エネルギーインフラソリューションを提供する米国企業,NYSE,○
PXLW,ピクセルワークス,米国のビジュアル処理半導体とソフトウェア開発会社,NASDAQ,○
PYPL,ペイパル　ホールディングス,デジタル決済ソリューションを提供する米国の会社,NASDAQ,○
PZZA,パパ　ジョンズ　インターナショナル,ピザ宅配店運営・フランチャイズを手掛ける米国の会社,NASDAQ,○
QCOM,クアルコム,ワイヤレス通信技術と製品を提供する米国の会社,NASDAQ,○
QCRH,ＱＣＲ　ホールディングス,主にイリノイ州で業務を行う米国の銀行持株会社,NASDAQ,○
QDEL,クイデルオーソ,医療診断ソリューションを開発・製造する米国の会社,NASDAQ,○
QGEN,キアゲン,分子情報抽出・分析サービスを提供するオランダの会社,NYSE,○
QLYS,クォリス,米国のソフトウェア会社,NASDAQ,○
QNCX,クインス　セラピューティクス,米国の臨床段階のバイオテクノロジー会社,NASDAQ,
QRVO,コルボ,米国の半導体メーカー,NASDAQ,○
QS,クアンタムスケープ,EV向け次世代電池技術を開発する米国の会社,NASDAQ,○
QSR,レストラン　ブランズ　インターナショナル,クイックサービスレストラン事業を展開する米国の会社,NYSE,○
QTTB,Ｑ３２　バイオ,米国の臨床段階のバイオテクノロジー会社,NASDAQ,
QTWO,Ｑ２　ホールディングス,金融関連デジタルソリューションを提供する米国の会社,NYSE,○
QUBT,クオンタム　コンピューティング,高性能量子システムを開発・提供する米国の会社,NASDAQ,○
QURE,ユニキュア,難病の遺伝子治療を開発するオランダの会社,NASDAQ,○
QVCAQ,ＱＶＣ　グループ,ライブソーシャルショッピング事業を手掛ける米国企業,OTC,
R,ライダー　システム,物流・運送事業を行う米国の会社,NYSE,○
RACE,フェラーリ,イタリアの自動車メーカー,NYSE,○
RAL,ラリアント,米国の精密機器・高度エンジニアリング製品メーカー,NYSE,○
RAMP,ライブランプ　ホールディングス,企業の顧客管理データを扱う米国のITサービス会社,NYSE,○
RANI,ラニ　セラピューティクス　ホールディングス,米国の臨床段階のバイオ医薬品会社,NASDAQ,
RARE,ウルトラジェニクス　ファーマシューティカル,米国のバイオ医薬品会社,NASDAQ,○
RBA,ＲＢ　グローバル,米国の産業用資産オークション会社,NYSE,○
RBC,ＲＢＣ　ベアリングス,高精度のベアリングを扱う米国のメーカー,NYSE,○
RBLX,ロブロックス,没入型3Dデジタルプラットフォームを手掛ける米国企業,NYSE,○
RBOT,バイキャリアス　サージカル,医療用ロボットを開発する米国の会社,OTC,
RCI,ロジャース　コミュニケーションズ,カナダの通信・メディア企業,NYSE,○
RCL,ロイヤル　カリビアン　クルーズ,クルーズ客船を運航する米国の会社,NYSE,○
RCUS,アーカス　バイオサイエンシズ,米国の臨床段階のバイオ医薬品会社,NYSE,○
RDDT,レディット,デジタルコミュニティを運営する米国の会社,NYSE,○
RDN,ラディアン　グループ,住宅ローン保険と関連サービスを提供する米国の会社,NYSE,○
RDVT,レッド　バイオレット,アイデンティティインテリジェンスを提供する米国企業,NASDAQ,○
RDWR,ラドウェア,イスラエルのネットワークセキュリティ会社,NASDAQ,○
REAL,リアルリアル,高級品再販オンラインストアを運営する米国の会社,NASDAQ,○
REFR,リサーチ　フロンティアーズ,調光フィルム技術を開発する米国の会社,NASDAQ,
REGN,リジェネロン　ファーマシューティカルズ,米国のバイオテクノロジー会社,NASDAQ,○
RELL,リチャードソン　エレクトロニクス,電子部品・機器などを提供する米国の会社,NASDAQ,○
LNAI,ルナイ　バイオワークス,米国の創薬・バイオディフェンス会社,NASDAQ,
REYN,レイノルズ　コンシューマー　プロダクツ,家庭用消費財を製造・販売する米国の会社,NASDAQ,○
REZI,レジデオ テクノロジーズ,センシング・制御製品を開発・製造する米国の会社,NYSE,○
RF,リージョンズ　ファイナンシャル,アラバマ州等で業務を行う米国の金融持株会社,NYSE,○
RFIL,ＲＦ　インダストリーズ,インターコネクト製品を製造・販売する米国の会社,NASDAQ,○
RGA,リインシュアランス　グループ　オブ　アメリカ,米国の再保険持株会社,NYSE,○
RGEN,レプリジェン,米国のライフサイエンス企業,NASDAQ,○
RGLD,ロイヤル　ゴールド,貴金属に関する権益を取得・管理する米国の会社,NASDAQ,○
RGNX,リジェネックスバイオ,米国の臨床段階のバイオテクノロジー会社,NASDAQ,○
RGR,スターム　ルガー,銃器を扱う米国のメーカー,NYSE,○
RH,ＲＨ,高級家具を取り扱う米国の会社,NYSE,○
RHI,ロバート　ハーフ,米国の専門人材ソリューション・コンサルティング会社,NYSE,○
RIG,トランスオーシャン,油井・ガス井の掘削を請け負うスイスの会社,NYSE,
RILY,ＢＲＣ　グループ　ホールディングス,米国の金融サービス会社,NASDAQ,
RIOT,ライオット　プラットフォームズ,米国のビットコインマイニング会社,NASDAQ,○
RIVN,リビアン　オートモーティブ,米国の電気自動車メーカー,NASDAQ,○
RJF,レイモンド　ジェームズ　ファイナンシャル,総合金融サービスを提供する米国の金融持株会社,NYSE,○
RKLB,ロケット　ラブ,米国のエンドツーエンドの宇宙企業,NASDAQ,○
RKT,ロケット　カンパニーズ,米国の住宅関連フィンテックプラットフォーム提供会社,NYSE,○
RL,ラルフ　ローレン,アパレル・アクセサリーをデザイン・販売する米国の会社,NYSE,○
RLI,ＲＬＩ,米国のスペシャルティ保険会社,NYSE,○
RMAX,ＲＥ／ＭＡＸ　ホールディングス,不動産仲介業をフランチャイズ展開する米国の会社,NYSE,○
RMBS,ラムバス,米国の半導体・セキュリティ関連装置開発・販売会社,NASDAQ,○
RMD,レスメド,米国の医療機器メーカー,NYSE,○
RMNI,リミニ　ストリート,米国のソフトウェアサポート会社,NASDAQ,
RNG,リングセントラル,米国のクラウドコミュニケーションサービス会社,NYSE,○
RNR,ルネサンスリー　ホールディングス,保険関連商品とサービスを提供するバミューダ諸島の会社,NYSE,○
RNST,レナサント,ミシシッピ州等で事業を展開する米国の銀行持株会社,NYSE,○
ROAD,コンストラクション　パートナーズ,公益事業向け米国のインフラ土木会社,NASDAQ,○
ROCK,ジブラルタル　インダストリーズ,建築関連製品を扱う米国のメーカー,NASDAQ,○
ROG,ロジャース,米国のエンジニアリング材料会社,NYSE,○
ROK,ロックウェル　オートメーション,米国の産業用機器メーカー,NYSE,○
ROKU,ロク,テレビストリーミングサービスを提供する米国の会社,NASDAQ,○
ROL,ローリンズ,害虫・シロアリ駆除サービスを提供する米国の会社,NYSE,○
ROOT,ルート,米国の保険会社,NASDAQ,○
ROP,ローパー　テクノロジーズ,ソフトウェア・テクノロジー製品を開発する米国の会社,NASDAQ,○
ROST,ロス　ストアーズ,米国の衣料品・家庭装飾品オフプライス店運営会社,NASDAQ,○
RPD,ラピッド７,米国のセキュリティソフトウェア会社,NASDAQ,○
RPM,ＲＰＭ　インターナショナル,特殊化学製品を製造・販売する米国の会社,NYSE,○
RPRX,ロイヤリティ　ファーマ,バイオ医薬品のロイヤリティを扱う米国の会社,NASDAQ,○
RRC,レンジ　リソーシズ,天然ガス・NGL・石油を探査・開発する米国の会社,NYSE,○
RRX,リーガル　レックスノード,米国の電気モーター・動力伝達システムメーカー,NYSE,○
RS,リライアンス,金属製品・金属加工サービスを提供する米国の会社,NYSE,○
RSG,リパブリック　サービシーズ,米国の廃棄物処理・環境サービス会社,NYSE,○
RSI,ラッシュ　ストリート　インタラクティブ,米国のオンラインカジノ・スポーツベッティング会社,NYSE,○
RTX,ＲＴＸ,米国の航空宇宙および防衛関連企業,NYSE,○
RUN,サンラン,太陽光発電システムを扱う米国の会社,NASDAQ,○
RUSHA,ラッシュ　エンタープライジズ　Ａ,商用車ディーラーネットワークを運営する米国の会社,NASDAQ,○
RVLV,リボルブ　グループ,米国のファッション商品小売会社,NYSE,○
RVTY,レビティ,米国のライフサイエンス事業・診断薬事業会社,NYSE,○
RXO,ＲＸＯ,貨物輸送仲介を手掛ける米国の会社,NYSE,○
RXT,ラックスペース　テクノロジー,クラウドとAIソリューションを提供する米国の会社,NASDAQ,
RY,ロイヤル　バンク　オブ　カナダ,カナダの金融サービス会社,NYSE,○
RYAM,レイオニア　アドバンスト　マテリアルズ,米国のセルロース系特殊製品メーカー,NYSE,○
RYAN,ライアン　スペシャルティ　ホールディングス,米国の専門保険サービス会社,NYSE,○
RYZ,ライアーソン　ホールディング,工業用金属の付加価値加工・販売を手掛ける米国の会社,NYSE,○
S,センチネルワン,セキュリティプラットフォームを提供する米国の会社,NYSE,○
SABR,セーバー,旅行業界向け技術ソリューションを提供する米国の会社,NASDAQ,
SAH,ソニック　オートモーティブ,米国の自動車小売業者,NYSE,○
SAIA,サイア,トラック輸送サービスを提供する米国の運送・物流会社,NASDAQ,○
SAIC,サイエンス　アプリケーションズ　インターナショナル,米国のITサービス会社,NASDAQ,○
SALM,セーラム　メディア　グループ,米国のマルチメディア会社,OTC,
SAM,ボストン　ビール,米国のアルコール飲料メーカー,NYSE,○
SANA,サナ　バイオテクノロジー,米国のバイオテクノロジー会社,NASDAQ,○
SANM,サンミナ,受託製造サービスを行う米国の電子機器メーカー,NASDAQ,○
SATS,エコスター,衛星・ワイヤレス接続サービスを提供する米国の会社,NASDAQ,○
FLNA,フィラナ　セラピューティクス,米国の臨床段階のバイオテクノロジー会社,NASDAQ,
SB,セーフ　バルカーズ,ドライバルク船を運航するモナコの海運会社,NYSE,
SBCF,シーコースト　バンキング　コーポレーション　オブ　フロリダ,主にフロリダ州で業務を行う米国の銀行持株会社,NASDAQ,○
SBET,シャープリンク,ETHを主要準備資産として採用する米国の会社,NASDAQ,○
SBGI,シンクレア,米国の多角的メディア企業,NASDAQ,○
SBLK,スター　バルク　キャリアーズ,ドライバルク貨物輸送を手掛けるギリシャの海運会社,NASDAQ,○
SBNY,シグネチャー　バンク,企業、個人向けに業務を行う米国の銀行持株会社,OTC,
SBUX,スターバックス,スペシャルティコーヒーを販売する米国の会社,NASDAQ,○
SCCO,サザン　コッパー,米国の総合銅生産会社,NYSE,○
SCHL,スコラスティック,米国の児童書出版・販売会社,NASDAQ,○
SCHW,チャールズシュワブ,米国の貯蓄貸付持株会社,NYSE,○
SCI,サービスコーポレーションインターナショナル,葬儀関連サービスを提供する米国の会社,NYSE,○
SCSC,スキャンソース,ハイブリッド流通ソリューションを提供する米国の会社,NASDAQ,○
SCVL,シュー　カーニバル,米国のフットウェア販売会社,NASDAQ,○
SD,サンドリッジ　エナジー,米国のエネルギー会社,NYSE,○
SDCCQ,スマイルダイレクトクラブ,米国の歯列矯正サービスを提供する会社,OTC,
SDGR,シュレーディンガー,創薬のソフトウェアを提供する米国の会社,NASDAQ,○
SEDG,ソーラーエッジ　テクノロジーズ,太陽光発電インバータシステムを扱うイスラエルの会社,NASDAQ,○
SEER,シーア,米国のライフサイエンス企業,NASDAQ,
SEIC,ＳＥＩ　インベストメンツ,資産・投資運用ソリューションを提供する米国の会社,NASDAQ,○
SEM,セレクト　メディカル　ホールディングス,米国の医療施設運営会社,NYSE,○
SFBS,サービスファースト　バンクシェアーズ,主に米国南部で業務を行う米国の銀行持株会社,NYSE,○
SFES,セーフガード　サイエンティフィックス,技術主導型企業の成長に焦点を当てる米国の投資会社,OTC,
SFL,ＳＦＬ　コーポレーション,バミューダの船舶所有・チャーター会社,NYSE,○
SFM,スプラウツ　ファーマーズ　マーケット,健康志向の食料品店チェーンを展開する米国の会社,NASDAQ,○
SFNC,シモンズ　ファースト　ナショナル,米国の金融持株会社,NASDAQ,○
SGI,ソムニグループ　インターナショナル,米国の寝具メーカー,NYSE,○
SGRY,サージェリー　パートナーズ,医療施設を運営する米国の持株会社,NASDAQ,○
SHAK,シェイク　シャック,米国のファストフードチェーン店,NYSE,○
SHC,ソテラ　ヘルス,滅菌サービスを提供する米国の会社,NASDAQ,○
SHEN,シェナンドー　テレコミュニケーションズ,米国の電気通信事業会社,NASDAQ,○
SHIP,シナジー　マリタイム　ホールディングス,ドライバルク船を運航するギリシャの海運会社,NASDAQ,○
SHOP,ショッピファイ,eコマースプラットフォームを手掛けるカナダの会社,NASDAQ,○
SHW,シャーウィン－ウィリアムズ,塗料・コーティング剤を扱う米国の会社,NYSE,○
SICP,シルバーゲート　キャピタル,カリフォルニア州で業務を行う米国の銀行持株会社,OTC,
SIG,シグネット　ジュエラーズ,バミューダ諸島の宝飾品小売会社,NYSE,○
SIGA,シガ　テクノロジーズ,米国の医薬品会社,NASDAQ,○
SIGI,セレクティブ　インシュアランス　グループ,損害保険を取り扱う米国の保険持株会社,NASDAQ,○
SIRI,シリウス　ＸＭ　ホールディングス,米国のオーディオエンターテインメント企業,NASDAQ,○
SITM,サイタイム,高精度タイミングソリューションを提供する米国企業,NASDAQ,○
SJM,ＪＭ　スマッカー,米国の食品メーカー,NYSE,○
SKIL,スキルソフト,デジタル学習を展開する米国の会社,NYSE,○
SKIN,スキンヘルス　システムズ,エステ技術と製品を開発・製造・販売する米国の会社,NASDAQ,
SKY,チャンピオン　ホームズ,プレハブ住宅・モジュラー住宅を製造する米国の会社,NYSE,○
SKYW,スカイウェスト,北米・カリブ海に就航する米国の航空会社,NASDAQ,○
SLAB,シリコン　ラボラトリーズ,ワイヤレステクノロジーを開発・提供する米国の会社,NASDAQ,○
SLB,ＳＬＢ,エネルギー技術ソリューションを提供する米国の会社,NYSE,○
SLF,サン　ライフ　ファイナンシャル,カナダの金融サービス会社,NYSE,○
SLGN,シルガン　ホールディングス,米国の消費財パッケージメーカー,NYSE,○
SLM,ＳＬＭ,民間教育ローンの組成・サービスを手掛ける米国の会社,NASDAQ,○
SLNH,ソルナ　ホールディングス,デジタルインフラを設計・開発・運用する米国の会社,NASDAQ,
SLVM,シルバモ,幅広い種類の紙を製造する米国の会社,NYSE,○
SM,ＳＭ　エナジー,原油・天然ガス事業を行う米国の会社,NYSE,○
SMCI,スーパー　マイクロ　コンピューター,トータルITソリューションを提供する米国の会社,NASDAQ,○
SMG,スコッツ　ミラクル－グロー,芝生や園芸関連製品を提供する米国の化学品メーカー,NYSE,○
SMP,スタンダード　モーター　プロダクツ,米国の自動車部品の製造販売業者,NYSE,○
SMPL,シンプリー　グッド　フーズ,消費者向け包装食品・飲料製品を提供する米国の会社,NASDAQ,○
SMTC,セムテック,高性能半導体・IoTシステムを提供する米国の会社,NASDAQ,○
SNA,スナップ　オン,米国の工具メーカー,NYSE,○
SNAP,スナップ,米国のITサービス会社,NYSE,○
SNBR,スリープ　ナンバー,寝具のデザイン・製造・販売を行う米国の会社,NASDAQ,○
SNCY,サン　カントリー　エアラインズ　ホールディングス,米国の格安航空会社,NASDAQ,○
SNDK,サンディスク,フラッシュ製品とメモリ技術を提供する米国の会社,NASDAQ,○
SNOW,スノーフレイク,データクラウドプラットフォームを提供する米国の会社,NYSE,○
SNPS,シノプシス,エンジニアリングソリューションを提供する米国の会社,NASDAQ,○
SNX,ＴＤ　シネックス,ITソリューションを提供する米国の会社,NYSE,○
SO,サザン,電気事業と天然ガス事業に取り組む米国の持株会社,NYSE,○
SOBO,サウス　ボウ,カナダのパイプライン事業会社,NYSE,○
SOLV,ソルベンタム,米国のヘルスケア企業,NYSE,○
SON,ソノコ　プロダクツ,米国の産業用・保護用パッケージメーカー,NYSE,○
SONO,ソノス,米国のオーディオ機器メーカー,NASDAQ,○
SPB,スペクトラム　ブランズ　ホールディングス,多様なブランドで家庭必需品を提供する米国のメーカー,NYSE,○
SPCE,ヴァージン　ギャラクティック　ホールディングス,有人宇宙飛行を開発する米国の会社,NYSE,
SPGI,Ｓ＆Ｐ　グローバル,米国の金融サービス会社,NYSE,○
SPHR,スフィア　エンタテインメント,米国のライブエンターテインメント・メディア企業,NYSE,○
SPIR,スパイア　グローバル,宇宙関連サービスを提供する米国の会社,NYSE,○
SPOT,スポティファイ　テクノロジー,ルクセンブルグのオーディオストリーミングサービス会社,NYSE,○
SPRO,スピロ　セラピューティクス,米国の臨床段階のバイオ医薬品会社,NASDAQ,
SPSC,ＳＰＳ　コマース,米国のサプライチェーン管理ソフトウエア会社,NASDAQ,○
SPT,スプラウト　ソーシャル,米国のSNS管理ソフトウェア会社,NASDAQ,○
SPXC,ＳＰＸ　テクノロジーズ,冷暖房空調設備と検出測定製品を扱う米国のメーカー,NYSE,○
SR,スパイア,天然ガスサービスを提供する米国の公益事業持株会社,NYSE,○
SRE,センプラ,エネルギーインフラ投資を行う米国の持株会社,NYSE,○
SRI,ストーンリッジ,車両用電気・電子システムを設計・製造する米国の会社,NYSE,○
SRPT,サレプタ　セラピューティクス,米国の商業段階のバイオ医薬品会社,NASDAQ,○
SRRK,スカラー　ロック　ホールディング,米国の臨床段階のバイオ医薬品会社,NASDAQ,○
SSD,シンプソン　マニュファクチャリング,建築建設製品を製造・販売する米国の会社,NYSE,○
SSNC,ＳＳ＆Ｃ　テクノロジーズ　ホールディングス,金融・ヘルスケア関連ソフトウェアを提供する米国企業,NASDAQ,○
SSRM,ＳＳＲ　マイニング,米国の貴金属探鉱会社,NASDAQ,○
ST,センサータ　テクノロジーズ　ホールディング,センサー・電気保護製品を提供する米国の産業技術会社,NYSE,○
STAA,スター　サージカル,眼科用移植可能レンズを開発・製造・販売する米国企業,NASDAQ,○
STBA,Ｓ＆Ｔ　バンコープ,米国の銀行持株会社,NASDAQ,○
STE,ステリス,医療機器と滅菌サービスを提供するアイルランドの会社,NYSE,○
STGW,スタグウェル,米国のマーケティングサービス会社,NASDAQ,○
STLA,ステランティス,オランダの自動車ディーラー・メーカー,NYSE,○
STLD,スチール　ダイナミクス,米国の鉄鋼生産・金属リサイクル企業,NASDAQ,○
STNE,ストーンコー,決済ソリューションを提供するケイマン諸島の会社,NASDAQ,○
STNG,スコーピオ　タンカーズ,精製石油製品の海上輸送に携わるモナコの海運会社,NYSE,○
STRA,ストラテジック　エデュケーション,教育サービスを提供する米国の会社,NASDAQ,○
STRL,スターリング　インフラストラクチャー,米国の建設会社,NASDAQ,○
STRS,ストラタス　プロパティーズ,住宅・商業用不動産を開発・販売する米国の不動産会社,NASDAQ,○
STT,ステート　ストリート,投資・資産運用サービスを手掛ける米国の銀行持株会社,NYSE,○
STX,シーゲイト　テクノロジー　ホールディングス,データストレージ製品を製造するシンガポールの会社,NASDAQ,○
STZ,コンステレーション　ブランズ　Ａ,米国のビール・ワイン・スピリッツメーカー,NYSE,○
SU,サンコア　エナジー,カナダの総合エネルギー会社,NYSE,○
SUNE,サンネーション　エナジー,太陽光発電と関連サービスを手掛ける米国の会社,NASDAQ,
SUPN,スパーナス　ファーマシューティカルズ,米国のバイオ医薬品会社,NASDAQ,○
SW,スマーフィット　ウエストロック,アイルランドの紙製包装製品総合メーカー,NYSE,○
SWK,スタンレー　ブラック　＆　デッカー,工具や関連機器・システムを提供する米国のメーカー,NYSE,○
SWKS,スカイワークス　ソリューションズ,米国のアナログ・ミックスドシグナル半導体メーカー,NASDAQ,○
SWX,サウスウエスト　ガス　ホールディングス,エネルギー関連サービスを提供する米国の持株会社,NYSE,○
SXT,センシエント　テクノロジーズ,米国の着色料・香料・特殊原料メーカー,NYSE,○
SYF,シンクロニー　ファイナンシャル,消費者金融サービスを提供する米国の会社,NYSE,○
SYK,ストライカー,米国の医療テクノロジー会社,NYSE,○
SYNA,シナプティクス,半導体ソリューションを開発する米国のファブレス企業,NASDAQ,○
SYY,シスコ,食品・関連製品の販売・流通を手掛ける米国の会社,NYSE,○
T,ＡＴ＆Ｔ,米国の電気通信・テクノロジー事業会社,NYSE,○
TACT,トランスアクト　テクノロジーズ,ソフトウェア主導印刷ソリューションに携わる米国企業,NASDAQ,
TALO,タロス　エナジー,米国のエネルギー会社,NYSE,○
TAP,モルソン　クアーズ　ビバレッジ　Ｂ,米国のビール醸造企業,NYSE,○
TASK,タスクアス,デジタルアウトソーシングサービスを提供する米国の会社,NASDAQ,○
TCBI,テキサス　キャピタル　バンクシェアーズ,主にテキサス州で業務を行う米国の金融持株会社,NASDAQ,○
TCBK,トライコー　バンクシェアーズ,カリフォルニア州で業務を行う米国の銀行持株会社,NASDAQ,○
TD,トロント－ドミニオン　バンク,カナダの銀行,NYSE,○
TDC,テラデータ,クラウド分析・データプラットフォームに携わる米国企業,NYSE,○
TDG,トランスダイム　グループ,米国の航空機部品メーカー,NYSE,○
TDOC,テラドック　ヘルス,バーチャルヘルスケアサービスを提供する米国の会社,NYSE,○
TDS,テレフォン　＆　データ　システムズ,通信サービスを提供する米国の会社,NYSE,○
TDW,タイドウォーター,海洋サポートを行う米国の海運会社,NYSE,○
TDY,テレダイン　テクノロジーズ,高度なデジタル画像処理製品などを提供する米国の会社,NYSE,○
TEAM,アトラシアン,エンタープライズソフトウェアを開発する米国の会社,NASDAQ,○
TECH,バイオ－テクネ,米国のバイオ製品メーカー,NASDAQ,○
TECK,テック　リソーシズ,天然資源の採掘事業を行うカナダの会社,NYSE,○
TEL,ＴＥ　コネクティビティ,アイルランドのコネクティビティソリューションメーカー,NYSE,○
TENB,テナブル　ホールディングス,米国のセキュリティソリューションを提供する会社,NASDAQ,○
TER,テラダイン,米国の自動テストシステム・ロボット製品メーカー,NASDAQ,○
TERN,ターンズ　ファーマシューティカルズ,米国の臨床段階のバイオ医薬品会社,NASDAQ,○
TEX,テレックス,特殊機器ソリューションを提供する米国のメーカー,NYSE,○
TFC,トゥリスト　ファイナンシャル,米国の金融持株会社,NYSE,○
TFX,テレフレックス,医療技術製品を提供する米国の会社,NYSE,○
TGT,ターゲット,総合ディスカウントストアを運営する米国の会社,NYSE,○
THC,テネット　ヘルスケア,米国の医療施設運営管理会社,NYSE,○
THO,ソーア　インダストリーズ,米国のレクリエーション車両(RV)メーカー,NYSE,○
THRY,スライブ　ホールディングス,マーケテイングソリューションを提供する米国の会社,NASDAQ,○
TIC,ＴＩＣ　ソリューションズ,資産保全サービスを提供する米国の会社,NYSE,○
TIL,インスティル　バイオ,米国の臨床段階のバイオ医薬品会社,NASDAQ,○
TITN,タイタン　マシーナリー,米国の農業機器・建設機器販売会社,NASDAQ,○
TJX,ＴＪＸ,米国の衣料品・ホームファッションなどの小売業者,NYSE,○
TKO,ＴＫＯ　グループ　ホールディングス,米国の格闘技・スポーツエンターテインメント会社,NYSE,○
TKR,ティムケン,米国のベアリング・動力伝達装置メーカー,NYSE,○
TLRY,ティルレイ　ブランズ,医療用・成人用大麻製品を提供するカナダの会社,NASDAQ,
TMDX,トランスメディックス　グループ,米国の医療技術会社,NASDAQ,○
TMHC,テイラー　モリソン　ホーム,米国の住宅建設会社,NYSE,○
TMO,サーモ　フィッシャー　サイエンティフィック,試薬・分析機器等を開発・製造する米国の会社,NYSE,○
TMUS,Ｔモバイル　ＵＳ,ワイヤレス通信サービスを提供する米国の会社,NASDAQ,○
TNDM,タンデム　ダイアベティス　ケア,医療機器を開発・提供する米国の会社,NASDAQ,○
TNL,トラベル　＋　レジャー,レジャー・旅行関連のサービスを提供する米国の会社,NYSE,○
TNYA,テナヤ　セラピューティクス,米国の臨床段階のバイオテクノロジー会社,NASDAQ,
TOL,トール　ブラザーズ,米国の高級住宅建設会社,NYSE,○
TOST,トースト,レストラン向け技術プラットフォームを扱う米国の会社,NYSE,○
TOWN,タウンバンク,バージニア州などで業務を行う米国の銀行,NASDAQ,○
TPB,ターニング　ポイント　ブランズ,たばこ代替品などを製造・販売する米国の会社,NYSE,○
TPR,タペストリー,高級アクセサリー・衣料ブランドを展開する米国の会社,NYSE,○
TR,トッツィ　ロール　インダストリーズ,菓子製品を製造・販売する米国の会社,NYSE,○
TRC,テジョン　ランチ,米国の不動産開発・農業関連事業会社,NYSE,○
TREE,レンディング　ツリー,オンライン金融プラットフォームを提供する米国の会社,NASDAQ,○
TREX,トレックス,複合材デッキ・手すり製品を開発・製造する米国の会社,NYSE,○
TRGP,タルガ　リソーシズ,米国の天然ガス収集・供給会社,NYSE,○
TRI,トムソン　ロイター,ニュースや情報を提供するカナダの会社,NASDAQ,○
TRIP,トリップアドバイザー,米国のオンライン旅行ガイドプラットフォーム運営会社,NASDAQ,○
TRMB,トリンブル,米国の産業テクノロジー会社,NASDAQ,○
TRN,トリニティ　インダストリーズ,米国の鉄道車両メーカー,NYSE,○
TRNS,トランスキャット,認定校正サービスを提供する米国の会社,NASDAQ,○
TROO,トゥループス,香港の複合企業グループ,NASDAQ,
TROW,Ｔ．　ロウ　プライス　グループ,米国の資産運用・金融サービス持株会社,NASDAQ,○
TROX,トロノクス　ホールディングス,二酸化チタンを扱う米国の化学品メーカー,NYSE,
TRP,ＴＣ　エナジー,カナダのエネルギー会社,NYSE,○
TRS,トライマス,米国の消費財・航空宇宙・産業市場向け製品メーカー,NASDAQ,○
TRU,トランスユニオン,米国の信用調査会社,NYSE,○
TRUP,トゥルーパニオン,米国のペット向け医療保険会社,NASDAQ,○
TRV,トラベラーズ,米国の保険持株会社,NYSE,○
TSCO,トラクター　サプライ,米国の農業・園芸・ペット関連用品小売店,NASDAQ,○
TSEOF,トリンセオ,米国の特殊プラスチック製品メーカー,OTC,
TSEM,タワー　セミコンダクター,イスラエルの高付加価値アナログ半導体ファウンドリ,NASDAQ,○
TSLA,テスラ,電気自動車とエネルギー生成貯蔵事業を行う米国の会社,NASDAQ,○
TSN,タイソン　フーズ,米国の食肉加工品メーカー,NYSE,○
TSPH,クリエイトＡＩ　ホールディングス,トラック向け自動運転技術を開発する米国の会社,OTC,
TT,トレイン　テクノロジーズ,アイルランドの産業用機器メーカー,NYSE,○
TTC,トロ,芝生管理・造園機器やサービスを提供する米国の会社,NYSE,○
TTD,トレード　デスク,広告購入プラットフォームを提供する米国の会社,NASDAQ,○
TTEC,ティーテック　ホールディングス,米国のカスタマーエクスペリエンスサービス会社,NASDAQ,
TTEK,テトラテック,米国の水と環境管理関連コンサルティング会社,NASDAQ,○
TTGT,テックターゲット,データ主導型ソリューションを提供する米国のIT会社,NASDAQ,○
TTWO,テイクツー　インタラクティブ　ソフトウエア,米国のゲームソフトメーカー,NASDAQ,○
TVRD,トヴァルディ　セラピューティクス,米国の臨床段階のバイオ医薬品会社,NASDAQ,
TVTX,トラベール　セラピューティクス,希少疾患の治療法を開発する米国のバイオ医薬品会社,NASDAQ,○
TW,トレードウェブ　マーケッツ,米国の金融電子取引市場運営会社,NASDAQ,○
TWLO,トゥイリオ,米国の顧客管理ソフトウェア会社,NYSE,○
TWST,ツイスト　バイオサイエンス,DNA合成プラットフォームを開発する米国の会社,NASDAQ,○
TXG,テンエックス　ゲノミクス,米国のライフサイエンステクノロジー企業,NASDAQ,○
TXN,テキサス　インスツルメンツ,半導体を設計・製造・販売する米国の会社,NASDAQ,○
TXNM,ＴＸＮＭ　エナジー,電力サービスを提供する米国の公益事業持株会社,NYSE,○
TXRH,テキサス　ロードハウス,米国のカジュアルレストラン運営会社,NASDAQ,○
TXT,テクストロン,航空機・防衛・金融事業等に携わる米国の多角経営企業,NYSE,○
TYL,タイラー　テクノロジーズ,公共機関向けITソリューションを提供する米国の会社,NYSE,○
U,ユニティー　ソフトウェア,米国のソフトウェア会社,NYSE,○
UA,アンダーアーマー,米国のスポーツ用品・パフォーマンスアパレルメーカー,NYSE,
UAA,アンダー　アーマー,米国のスポーツ用品・パフォーマンスアパレルメーカー,NYSE,
UAL,ユナイテッド　エアラインズ　ホールディングス,米国の航空持株会社,NASDAQ,○
UBER,ウーバー　テクノロジーズ,米国の配車・フードデリバリープラットフォーム運営会社,NYSE,○
UBS,ＵＢＳ　グループ,スイスの金融サービス会社,NYSE,○
UCTT,ウルトラ　クリーン　ホールディングス,半導体関連装置を扱う米国のメーカー,NASDAQ,○
UDMY,ユーデミー,学習用プラットフォームを運営する米国の会社,NASDAQ,○
UEC,ウラニウム　エナジー,米国のウラン採掘会社,NYSE American,○
UFPI,ＵＦＰ　インダストリーズ,米国の木材・木材複合材製品メーカー,NASDAQ,○
UGI,ＵＧＩ,米国のエネルギー会社,NYSE,○
UGRO,アーバン－グロ,屋内環境制御型農業の統合設備を提供する米国の会社,NASDAQ,
UHAL,Ｕ－ホール　ホールディング,引越サービスを提供する米国の会社,NYSE,○
UHAL.B,Ｕ－ホール　ホールディング　議決権なし,引越サービスを提供する米国の会社,NYSE,○
UHS,ユニバーサル　ヘルス　サービシーズ,米国の医療施設運営会社,NYSE,○
UI,ユビキティ,ネットワーク関連製品を提供する米国の会社,NYSE,○
ULTA,アルタ　ビューティ,美容専門店を運営する米国の会社,NASDAQ,○
UMBF,ＵＭＢ　ファイナンシャル,米国の金融持株会社,NASDAQ,○
UNFI,ユナイテッド　ナチュラル　フーズ,自然食品・有機食品等を提供する米国の会社,NYSE,○
UNH,ユナイテッドヘルス　グループ,米国のヘルスケアサービス会社,NYSE,○
UNM,ユーナム　グループ,米国の保険持株会社,NYSE,○
UNP,ユニオン　パシフィック,米国の鉄道会社,NYSE,○
UPBD,アップバウンド　グループ,耐久消費財のリースを提供する米国の会社,NASDAQ,○
UPS,ユナイテッド　パーセル　サービス,配送サービスを提供する米国の会社,NYSE,○
UPST,アップスタート　ホールデイングス,クラウド型AI融資プラットフォームを扱う米国の会社,NASDAQ,○
UPWK,アップワーク,専門人材のオンラインサイトを運営する米国の会社,NASDAQ,○
URBN,アーバン　アウトフィッターズ,消費者製品を販売する米国の会社,NASDAQ,○
URI,ユナイテッド　レンタルズ,機器のレンタルサービスを提供する米国の会社,NYSE,○
USB,Ｕ．Ｓ．　バンコープ,米国の銀行持株会社,NYSE,○
USEA,ユナイテッド　マリタイム,ドライバルク商品を扱うギリシャの海運会社,NASDAQ,
USFD,ＵＳ　フーズ　ホールディング,米国の食品販売会社,NYSE,○
UTHR,ユナイテッド　セラピューティクス,米国のバイオ医薬品会社,NASDAQ,○
UVV,ユニバーサル,葉たばこの加工・販売を行う米国の卸売会社,NYSE,○
V,ビザ,デジタル決済ソリューションを提供する米国の会社,NYSE,○
VAC,マリオット　バケーションズ　ワールドワイド,リゾート会員権を販売する米国のホテル運営会社,NYSE,○
VAL,ヴァラリス,バミューダ諸島のオフショア掘削受託サービス会社,NYSE,○
VALU,バリュー　ライン,米国の投資情報誌出版・投資調査会社,NASDAQ,○
VCEL,ヴェリセル,米国のバイオ医薬品会社,NASDAQ,○
VCTR,ビクトリー　キャピタル　ホールディングス,米国の資産運用会社,NASDAQ,○
VCYT,ベラサイト,医療診断向け技術・分子診断検査を提供する米国の会社,NASDAQ,○
VECO,ビーコ　インスツルメンツ,米国の半導体プロセス装置メーカー,NASDAQ,○
VEEV,ヴィーバ　システムズ,クラウドを基盤としたビジネスサービス会社,NYSE,○
VERA,ヴェラ　セラピューティクス,米国の臨床段階のバイオテクノロジー会社,NASDAQ,○
TONX,トン　ストラテジー,デジタル資産トレジャリー戦略を採る米国の会社,NASDAQ,
VERI,ベリトーン,米国のAIソリューションプロバイダー,NASDAQ,○
VERU,ヴェル,米国の後期臨床段階のバイオ医薬品会社,NASDAQ,
VFC,Ｖ．Ｆ．,米国のアパレル会社,NYSE,○
VICR,バイコー,米国のモジュラー電源ソリューションメーカー,NASDAQ,○
VIR,ビア　バイオテクノロジー,米国の臨床段階のバイオテクノロジー会社,NASDAQ,○
VIRT,バーチュ　ファイナンシャル,米国の金融サービス会社,NYSE,○
VLO,バレロ　エナジー,米国の石油精製・低炭素燃料事業会社,NYSE,○
VLTO,ベラルト,水質・品質管理ソリューションを提供する米国の会社,NYSE,○
VMC,バルカン　マテリアルズ,建築用骨材を製造・販売する米国の会社,NYSE,○
VNOM,バイパー　エナジー,米国の石油・天然ガス会社,NASDAQ,○
VNT,ボンティエ,米国のモビリティインフラ業界向け産業技術会社,NYSE,○
VOYA,ボヤ　ファイナンシャル,米国の退職プラン・投資・福利厚生サービス提供会社,NYSE,○
VRAYQ,ビューレイ,米国の治療機器メーカー,OTC,
VREX,ヴァレックス　イメージング,米国のX線イメージングコンポーネントメーカー,NASDAQ,○
VRNS,バロニス　システムズ,データ保護のソリューションを提供する米国の会社,NASDAQ,○
VRPX,バーパックス　ファーマシューティカルズ,米国のバイオテクノロジー会社,OTC,
VRRM,ヴェラ　モビリティ,スマートモビリティ技術に取り組む米国の会社,NASDAQ,○
VRSK,ベリスク　アナリティックス,保険のデータ分析・テクノロジーを提供する米国の会社,NASDAQ,○
VRSN,ベリサイン,米国のドメインネーム登録管理会社,NASDAQ,○
VRT,バーティブ　ホールディングス,デジタルインフラを開発する米国の会社,NYSE,○
VRTS,バータス　インベストメント　パートナーズ,米国の資産運用管理会社,NYSE,○
VRTX,バーテックス　ファーマシューティカルズ,米国のバイオテクノロジー会社,NASDAQ,○
VSAT,ビアサット,グローバル通信技術・サービスを提供する米国の会社,NASDAQ,○
VSCO,ヴィクトリアズ　シークレット,女性用下着や美容製品を販売する米国の会社,NYSE,○
VST,ビストラ,統合的電力事業に取り組む米国の会社,NYSE,○
VSTS,ベスティス,B2Bユニフォーム・職場用品を提供する米国の会社,NYSE,○
VTOL,ブリストー　グループ,航空ソリューションを提供する米国の会社,NYSE,○
VTRS,ビアトリス,米国の製薬会社,NASDAQ,○
VTS,ヴィテス　エナジー,米国のエネルギー会社,NYSE,○
VTSI,バートラ,米国の訓練シミュレータ開発・販売会社,NASDAQ,
VVV,バルボリン,自動車メンテナンスサービスを展開する米国の会社,NYSE,○
VXRT,ヴァクスアート,米国の臨床段階のバイオテクノロジー会社,OTC,
VYGR,ボイジャー　セラピューティクス,米国の臨床段階のバイオテクノロジー会社,NASDAQ,
VYX,ＮＣＲ　ヴォイックス,デジタルコマースソリューションを提供する米国の会社,NYSE,○
VZ,ベライゾン　コミュニケーションズ,通信・技術・情報サービスを提供する米国の会社,NYSE,○
W,ウェイフェア,家具・インテリア用品をオンライン販売する米国の会社,NYSE,○
WAB,ウェスティングハウス　エア　ブレーキ　テクノロジーズ,米国の鉄道関連機器メーカー,NYSE,○
WABC,ウエストアメリカ　バンコープ,米国の銀行持株会社,NASDAQ,○
WAFD,ワーフェッド,ワシントン州等で業務を行う米国の銀行持株会社,NASDAQ,○
WAL,ウエスタン　アライアンス　バンコーポレーション,米国の銀行持株会社,NYSE,○
WAT,ウォーターズ,ライフサイエンス・診断ソリューションに携わる米国の会社,NYSE,○
WBD,ワーナー　ブラザース　ディスカバリー,米国のメディア・エンターテインメント会社,NASDAQ,○
WBS,ウェブスター　ファイナンシャル,米国の金融持株会社,NYSE,○
WCC,ウエスコ　インターナショナル,物流・サプライチェーンソリューションに携わる米国企業,NYSE,○
WCN,ウェースト　コネクションズ,カナダの総合固形廃棄物サービス会社,NYSE,○
WD,ウォーカー　＆　ダンロップ,商業用不動産金融・サービス会社,NYSE,○
WDAY,ワークデイ,人材・資金管理AIプラットフォームを手掛ける米国企業,NASDAQ,○
WDC,ウエスタン　デジタル,米国の大容量エンタープライズHDDメーカー,NASDAQ,○
WDFC,ＷＤ‐４０,メンテナンス製品を扱う米国の会社,NASDAQ,○
WEC,ＷＥＣエナジーグループ,天然ガス・電気を供給する米国の持株会社,NYSE,○
WEN,ウェンディーズ,米国のクイックサービスレストラン会社,NASDAQ,○
WEX,ＷＥＸ,決済ソリューションを提供する米国の会社,NYSE,○
WFC,ウェルズ　ファーゴ,米国の総合金融サービス会社,NYSE,○
WFRD,ウェザーフォード　インターナショナル,米国のエネルギーサービス会社,NASDAQ,○
WGO,ウィニベーゴ　インダストリーズ,レクリエーション用車両を製造・販売する米国の会社,NYSE,○
WH,ウィンダム　ホテルズ　＆　リゾーツ,ホテルをフランチャイズする米国の会社,NYSE,○
WHD,カクタス,米国の油田制御機器メーカー,NYSE,○
WHR,ワールプール,米国の家電メーカー,NYSE,○
WHWK,ホワイトホーク　セラピューティクス,米国のバイオ医薬品会社,NASDAQ,
WING,ウィングストップ,米国のレストラン運営会社,NASDAQ,○
WIX,ウィックス　ドットコム,ウェブ開発プラットフォームを提供するイスラエル企業,NASDAQ,○
WK,ワーキヴァ,米国のソフトウェア会社,NYSE,○
WKC,ワールド　キネクト,米国の燃料サービス会社,NYSE,○
WKHS,ワークホース　グループ,ゼロエミッション電気商用車を開発する米国のメーカー,NASDAQ,
WLK,ウェストレイク,米国の化学品メーカー,NYSE,○
WM,ウェイスト　マネジメント,廃棄物管理環境サービスを提供する米国の会社,NYSE,○
WMB,ウィリアムズ　カンパニーズ,天然ガスの供給インフラを運営する米国の会社,NYSE,○
WMG,ワーナー　ミュージック　グループ,米国の音楽エンターテインメント会社,NASDAQ,○
WMS,アドバンスド　ドレイネッジ　システムズ,米国の雨水排水・浄化槽廃水ソリューションメーカー,NYSE,○
WMT,ウォルマート,スーパーマーケットチェーンを運営する米国の会社,NASDAQ,○
WOLF,ウルフスピード,半導体を扱う米国のメーカー,NYSE,
WOR,ワージントン　エンタープライゼス,建築用製品と消費者製品を設計・製造する米国の会社,NYSE,○
WORX,ＳＣワークス,医療情報技術ソリューションを提供する米国の会社,OTC,
WPM,ウィートン　プレシャス　メタルズ,カナダの貴金属ストリーミング会社,NYSE,○
WPRT,ウェストポート　フューエル　システムズ,代替燃料システムと部品を設計・製造するカナダの会社,NASDAQ,
WRB,Ｗ．Ｒ．　バークレー,損害保険・再保険を提供する米国の持株会社,NYSE,○
WRBY,ウォービー　パーカー,処方箋付きレンズのメガネを販売する米国の会社,NYSE,○
WRLD,ワールド　アクセプタンス,米国の消費者金融会社,NASDAQ,○
WS,ワージントン　スチール,米国の鉄鋼加工製品メーカー,NYSE,○
WSBC,ウェスバンコ,米国の銀行持株会社,NASDAQ,○
WSC,ウィルスコット　ホールディングス,空間ソリューションを設計・提供する米国の会社,NASDAQ,○
WSM,ウィリアムズ－ソノマ,キッチン・インテリア用品を販売する米国の会社,NYSE,○
WSO,ワッコ,空調・冷暖房機器、冷凍設備などを販売する米国の会社,NYSE,○
WST,ウエスト　ファーマシューティカル　サービシズ,医薬品用パッケージング製品を提供する米国の会社,NYSE,○
WTFC,ウィントラスト　ファイナンシャル,米国の金融持株会社,NASDAQ,○
WTRG,エッセンシャル　ユーティリティーズ,水道・天然ガス事業を展開する米国の公益事業持株会社,NYSE,○
WTW,ウィリス　タワーズ　ワトソン,アドバイザリーや仲介を手掛ける英国の会社,NASDAQ,○
WU,ウエスタン　ユニオン,送金・決済サービスを提供する米国の会社,NYSE,○
WULF,テラウルフ,米国のビットコインマイニング会社,NASDAQ,
WVFC,ＷＶＳ　ファイナンシャル,ペンシルベニア州等で業務を行う米国の銀行持株会社,OTC,
WWD,ウッドワード,エネルギー制御ソリューションを設計・提供する米国企業,NASDAQ,○
WWW,ウルヴァリン　ワールド　ワイド,靴・皮革製品を扱う米国の会社,NYSE,○
WYNN,ウィン　リゾーツ,統合型カジノリゾートを運営する米国の会社,NASDAQ,○
XAIR,ビヨンド　エア,米国の医療機器・バイオ医薬品会社,NASDAQ,
XEL,エクセル　エナジー,米国の電気・天然ガス供給会社,NASDAQ,○
XELA,エクセラ　テクノロジーズ,企業向けDXソリューションを提供する米国の会社,OTC,
XENE,ゼノン　ファーマシューティカルズ,カナダの臨床段階のバイオ医薬品会社,NASDAQ,○
XMTR,ゾメトリー,米国の製品製造デジタルマーケットプレイス運営会社,NASDAQ,○
XNCR,ゼンコー,米国の臨床段階のバイオ医薬品会社,NASDAQ,○
XOM,エクソン　モービル,米国のエネルギー・石油化学企業,NYSE,○
XP,ＸＰ,ケイマン諸島の金融商品・サービス提供会社,NASDAQ,○
XPEL,エクスペル,自動車用製品・関連サービスを提供する米国の会社,NASDAQ,○
XPO,ＸＰＯ,米国の貨物輸送サービス会社,NYSE,○
XRAY,デンツプライ　シロナ,歯科用医療機器メーカー,NASDAQ,○
XRX,ゼロックス　ホールディングス,印刷ソリューションやIT関連技術を提供する米国の会社,NASDAQ,
XYL,ザイレム,水関連事業を行う米国のテクノロジー企業,NYSE,○
XYZ,ブロック,販売者向けカード決済システムを提供する米国の会社,NYSE,○
YELP,イェルプ,米国の口コミ情報ウェブサイト運営会社,NYSE,○
YETI,イエティ　ホールディングス,アウトドア用品をデザイン・販売する米国の会社,NYSE,○
YOU,クリア　セキュア,セキュアなIDサービスを提供する米国の会社,NYSE,○
YUM,ヤム！　ブランズ,レストランチェーンを展開する米国の会社,NYSE,○
YUMC,ヤム　チャイナ　ホールディングス,米国のファーストフードチェーン運営会社,NYSE,○
Z,ジロー　グループ　Ｃ,不動産アプリ・ウェブサイトを提供する米国の会社,NASDAQ,○
ZBH,ジンマー　バイオメット　ホールディングス,米国のメドテック企業,NYSE,○
ZBRA,ゼブラ　テクノロジーズ,企業向け電子機器メーカー,NASDAQ,○
ZD,ジフ　デイビス,デジタルメディア事業を展開する米国の会社,NASDAQ,○
ZG,ジロー　グループ,不動産アプリ・ウェブサイトを提供する米国の会社,NASDAQ,○
ZIM,ズィム　インテグレイティッド　シッピング　サービシズ,コンテナ定期船を運航するイスラエルの海運会社,NYSE,○
ZION,ザイオンズ　バンコープ,アリゾナ州などで業務を行う米国の銀行,NASDAQ,○
ZIP,ジップリクルーター,オンラインで採用サービスを提供する米国の会社,NYSE,○
ZM,ズーム　コミュニケーションズ,コラボレーションプラットフォームを提供する米国企業,NASDAQ,○
ZNTL,ゼンタリス　ファーマシューティカルズ,米国の臨床段階のバイオ医薬品会社,NASDAQ,
ZS,Ｚスケーラー,米国のITサービス会社,NASDAQ,○
ZTS,ゾエティス　Ａ,動物用医薬品・検査薬を開発・製造する米国の会社,NYSE,○
ZUMZ,ズミーズ,衣服やファッション小物の小売店を展開する米国の会社,NASDAQ,○
ZWS,ザーン　エルケイ　ウォーター　ソリューションズ,水管理製品を扱う米国のメーカー,NYSE,○
